TrialIndex,Participant,Type,Length,SelectC,RT,PresenPos
1,1,I,120,1,1000,cs
2,1,I,90,1,1608,cs
3,1,O,110,0,1460,sc
4,1,O,60,0,750,sc
5,1,I,110,1,720,sc
6,1,I,120,1,732,sc
7,1,O,70,0,753,cs
8,1,I,110,1,991,sc
9,1,O,110,0,1087,sc
10,1,O,130,1,1238,sc
11,1,O,100,0,1060,sc
12,1,O,110,0,919,sc
13,1,I,90,1,1270,cs
14,1,O,140,1,1085,sc
15,1,O,150,1,847,cs
16,1,I,100,1,1315,cs
17,1,O,120,0,1177,cs
18,1,O,60,0,816,sc
19,1,I,70,0,1285,sc
20,1,I,50,0,1027,sc
21,1,O,130,1,1123,cs
22,1,I,110,1,1249,sc
23,1,I,90,1,1265,sc
24,1,I,50,0,676,cs
25,1,I,70,0,912,sc
26,1,O,80,0,730,cs
27,1,I,130,1,741,cs
28,1,O,150,1,753,sc
29,1,O,50,0,670,sc
30,1,O,140,1,935,cs
31,1,I,140,1,859,cs
32,1,O,100,0,682,cs
33,1,O,60,0,568,cs
34,1,I,80,0,806,sc
35,1,I,120,1,637,cs
36,1,O,120,1,1182,sc
37,1,I,110,1,867,cs
38,1,O,140,1,1304,cs
39,1,O,90,0,791,cs
40,1,I,120,1,881,cs
41,1,I,70,0,867,sc
42,1,O,70,0,939,sc
43,1,I,70,0,694,cs
44,1,O,80,0,727,sc
45,1,O,110,0,660,cs
46,1,O,50,0,581,cs
47,1,O,120,0,641,sc
48,1,O,100,0,695,sc
49,1,I,80,0,970,sc
50,1,O,140,1,1147,cs
51,1,O,110,0,974,cs
52,1,I,80,0,1043,cs
53,1,I,110,1,902,cs
54,1,O,90,0,1166,sc
55,1,I,140,1,728,sc
56,1,O,100,0,703,cs
57,1,O,140,1,904,sc
58,1,O,80,0,970,sc
59,1,O,90,0,1169,sc
60,1,I,90,1,833,sc
61,1,O,70,0,1056,cs
62,1,O,130,1,1299,sc
63,1,O,140,1,1004,sc
64,1,I,50,0,993,cs
65,1,I,120,1,1221,sc
66,1,I,100,1,842,cs
67,1,I,60,0,806,sc
68,1,I,140,1,809,cs
69,1,O,130,0,1899,cs
70,1,I,140,1,655,sc
71,1,O,70,0,584,sc
72,1,I,60,0,795,sc
73,1,O,60,0,708,cs
74,1,O,60,0,577,cs
75,1,I,130,1,745,sc
76,1,O,100,0,789,sc
77,1,O,50,0,1809,sc
78,1,I,80,0,1115,cs
79,1,O,50,0,612,sc
80,1,I,120,1,683,sc
81,1,O,100,0,800,cs
82,1,I,150,1,621,cs
83,1,I,150,1,529,sc
84,1,I,150,1,578,sc
85,1,I,70,0,802,sc
86,1,O,120,0,1377,sc
87,1,I,100,1,1589,sc
88,1,I,130,1,659,sc
89,1,I,50,0,970,sc
90,1,I,130,1,955,cs
91,1,O,90,0,1328,sc
92,1,I,140,1,1634,cs
93,1,O,80,0,657,cs
94,1,O,110,0,1083,sc
95,1,I,80,0,992,sc
96,1,O,60,0,614,cs
97,1,I,150,1,775,cs
98,1,I,60,0,820,sc
99,1,I,100,1,1417,sc
100,1,O,90,0,644,sc
101,1,O,50,0,774,sc
102,1,I,60,0,701,cs
103,1,O,70,0,658,cs
104,1,I,150,1,756,sc
105,1,I,70,0,771,cs
106,1,I,90,0,1187,sc
107,1,O,120,0,653,sc
108,1,I,50,0,635,cs
109,1,O,70,0,617,cs
110,1,I,60,0,648,sc
111,1,I,60,0,576,cs
112,1,I,150,1,620,cs
113,1,I,60,0,593,cs
114,1,I,140,1,629,cs
115,1,O,130,0,1281,cs
116,1,I,90,0,835,cs
117,1,O,130,0,679,sc
118,1,O,150,1,1000,sc
119,1,I,90,1,1744,cs
120,1,O,110,0,1178,cs
121,1,I,130,1,682,cs
122,1,I,110,1,695,sc
123,1,O,130,0,1808,cs
124,1,O,150,1,756,cs
125,1,I,130,1,618,sc
126,1,I,50,0,791,sc
127,1,O,150,1,839,cs
128,1,I,70,0,1079,cs
129,1,I,100,1,1895,sc
130,1,O,140,1,956,cs
131,1,O,80,0,834,cs
132,1,I,80,0,1512,cs
133,1,O,80,0,1118,sc
134,1,O,90,0,959,cs
135,1,O,60,0,1072,sc
136,1,O,90,0,597,cs
137,1,O,130,1,1072,sc
138,1,O,100,0,1008,cs
139,1,O,150,1,818,sc
140,1,O,50,0,907,cs
141,1,O,150,1,1051,sc
142,1,I,50,0,788,sc
143,1,O,50,0,869,cs
144,1,O,120,1,2168,cs
145,1,I,80,0,1003,sc
146,1,I,130,1,763,sc
147,1,O,100,0,802,sc
148,1,I,50,0,868,cs
149,1,O,150,1,756,cs
150,1,I,100,1,1642,cs
151,1,O,90,0,877,cs
152,1,O,60,0,671,sc
153,1,O,120,0,594,cs
154,1,I,150,1,606,cs
155,1,O,70,0,668,sc
156,1,I,150,1,641,sc
157,1,I,100,1,1621,sc
158,1,O,70,0,805,sc
159,1,I,120,1,699,sc
160,1,O,110,0,692,cs
161,1,I,110,1,740,cs
162,1,O,120,0,917,cs
163,1,I,90,0,1333,sc
164,1,O,50,0,668,cs
165,1,I,100,1,3000,cs
166,1,I,70,0,918,cs
167,1,I,140,1,1078,sc
168,1,I,140,1,764,sc
169,1,O,80,0,1155,cs
170,1,I,120,1,674,cs
171,1,O,140,1,968,sc
172,1,I,110,1,1096,cs
173,1,I,60,0,769,cs
174,1,O,80,0,636,sc
175,1,I,130,1,644,cs
176,1,I,80,0,1229,cs
177,2,O,80,0,1121,cs
178,2,I,140,1,801,cs
179,2,O,80,0,1003,sc
180,2,O,50,0,783,sc
181,2,O,150,1,1021,sc
182,2,O,140,1,919,sc
183,2,I,110,1,1320,cs
184,2,I,120,1,1166,cs
185,2,O,100,0,664,cs
186,2,I,110,1,1278,cs
187,2,I,90,0,2266,cs
188,2,O,50,0,827,sc
189,2,I,60,0,783,cs
190,2,O,130,1,977,sc
191,2,I,130,1,741,cs
192,2,I,100,1,1358,sc
193,2,O,80,0,742,cs
194,2,O,70,0,694,sc
195,2,O,80,0,655,sc
196,2,O,110,0,2674,sc
197,2,O,150,1,707,sc
198,2,O,90,0,848,cs
199,2,O,110,0,1431,cs
200,2,I,70,0,973,cs
201,2,I,80,0,1271,cs
202,2,I,100,1,566,cs
203,2,I,70,0,791,cs
204,2,I,60,0,749,cs
205,2,O,70,0,759,cs
206,2,I,120,1,841,sc
207,2,I,90,0,685,sc
208,2,O,130,1,1222,sc
209,2,O,90,0,1016,cs
210,2,O,60,0,1486,cs
211,2,I,100,1,1351,cs
212,2,O,80,0,582,cs
213,2,I,70,0,1399,cs
214,2,I,50,0,723,cs
215,2,I,140,1,1355,cs
216,2,O,110,0,639,cs
217,2,O,50,0,534,sc
218,2,I,120,1,688,sc
219,2,I,90,1,1160,cs
220,2,I,50,0,501,sc
221,2,O,150,1,904,cs
222,2,O,90,0,621,cs
223,2,O,50,0,631,cs
224,2,I,150,1,846,cs
225,2,O,150,1,1337,cs
226,2,O,110,1,2668,sc
227,2,I,60,0,990,cs
228,2,O,110,0,2624,sc
229,2,O,50,0,789,cs
230,2,I,80,0,1731,sc
231,2,I,50,0,719,cs
232,2,O,130,1,963,cs
233,2,O,50,0,663,cs
234,2,O,90,0,599,sc
235,2,I,90,1,1848,sc
236,2,I,100,1,1030,sc
237,2,I,150,1,961,cs
238,2,I,90,1,2713,sc
239,2,I,120,1,631,cs
240,2,O,120,1,971,sc
241,2,O,150,1,557,cs
242,2,I,130,1,975,cs
243,2,O,70,0,927,sc
244,2,O,110,0,1656,cs
245,2,O,120,1,1646,sc
246,2,O,100,0,1153,sc
247,2,I,140,1,629,sc
248,2,O,120,1,1695,cs
249,2,I,150,1,734,cs
250,2,O,140,1,1263,cs
251,2,O,60,0,878,sc
252,2,I,140,1,608,sc
253,2,O,80,0,630,cs
254,2,I,50,0,724,cs
255,2,O,50,0,706,sc
256,2,I,110,1,794,sc
257,2,O,100,0,660,sc
258,2,O,60,0,678,sc
259,2,I,100,1,1478,cs
260,2,I,150,1,658,cs
261,2,I,90,1,1140,sc
262,2,O,150,1,734,sc
263,2,I,110,1,1615,cs
264,2,I,110,1,511,sc
265,2,O,90,0,593,sc
266,2,I,80,0,849,sc
267,2,I,50,0,508,cs
268,2,O,60,0,502,sc
269,2,I,60,0,718,sc
270,2,O,60,0,543,cs
271,2,I,70,0,503,sc
272,2,O,130,1,46,cs
273,2,O,120,0,3991,sc
274,2,O,150,1,951,cs
275,2,I,50,0,809,sc
276,2,I,120,1,1235,sc
277,2,O,60,0,870,cs
278,2,O,140,1,759,cs
279,2,I,150,1,578,sc
280,2,O,110,0,2828,cs
281,2,I,140,1,710,sc
282,2,I,60,0,759,cs
283,2,I,150,1,1019,sc
284,2,I,140,1,1026,cs
285,2,O,120,0,1414,sc
286,2,I,80,0,527,cs
287,2,O,90,0,622,sc
288,2,I,60,0,880,sc
289,2,O,120,1,944,cs
290,2,O,80,0,1070,sc
291,2,O,140,1,959,cs
292,2,I,110,1,1618,cs
293,2,O,140,1,939,sc
294,2,I,100,0,831,cs
295,2,I,70,0,1112,sc
296,2,I,120,1,743,sc
297,2,O,110,0,1110,sc
298,2,I,130,1,631,cs
299,2,O,70,0,775,sc
300,2,I,120,1,1238,cs
301,2,I,130,1,639,cs
302,2,I,140,1,771,sc
303,2,O,60,0,618,cs
304,2,I,70,0,552,sc
305,2,I,80,0,911,sc
306,2,O,120,1,1205,cs
307,2,O,130,1,1271,cs
308,2,I,80,0,903,cs
309,2,O,60,0,1317,sc
310,2,I,130,1,1039,sc
311,2,I,150,1,610,sc
312,2,O,80,0,1126,sc
313,2,O,140,1,1125,sc
314,2,O,90,0,887,sc
315,2,O,90,0,704,cs
316,2,I,100,1,1406,sc
317,2,I,110,1,662,sc
318,2,I,90,1,1078,cs
319,2,O,70,0,557,cs
320,2,O,150,1,731,sc
321,2,I,70,0,891,sc
322,2,I,60,0,792,sc
323,2,O,100,0,742,cs
324,2,I,140,1,656,cs
325,2,O,70,0,686,sc
326,2,I,90,0,800,cs
327,2,O,50,0,591,cs
328,2,O,140,1,1134,sc
329,2,I,110,1,1240,sc
330,2,O,130,1,1753,sc
331,2,I,130,1,1820,sc
332,2,O,130,1,1567,sc
333,2,I,50,0,589,sc
334,2,O,70,0,558,cs
335,2,I,130,1,598,sc
336,2,I,120,1,832,cs
337,2,I,80,0,1119,sc
338,2,I,60,0,423,sc
339,2,O,140,1,953,cs
340,2,O,130,1,1845,cs
341,2,O,100,0,1286,sc
342,2,O,70,0,1246,cs
343,2,O,100,0,1015,cs
344,2,I,130,1,903,sc
345,2,I,50,0,782,sc
346,2,I,70,0,639,cs
347,2,O,100,0,1713,cs
348,2,I,100,1,1308,sc
349,2,I,80,0,1007,cs
350,2,O,100,0,975,sc
351,2,O,120,1,1246,cs
352,2,I,150,1,608,sc
353,3,I,120,1,1216,sc
354,3,I,50,0,1188,cs
355,3,O,60,0,678,sc
356,3,I,130,1,646,sc
357,3,I,50,0,735,sc
358,3,O,100,0,573,cs
359,3,O,70,0,540,sc
360,3,O,80,0,583,cs
361,3,O,140,1,1061,cs
362,3,O,140,1,1076,cs
363,3,O,90,0,725,sc
364,3,O,70,0,557,sc
365,3,O,70,0,494,sc
366,3,O,50,0,670,sc
367,3,I,130,0,565,cs
368,3,I,140,1,1317,cs
369,3,I,130,1,877,sc
370,3,O,150,1,622,sc
371,3,I,80,1,1550,cs
372,3,O,150,1,670,cs
373,3,O,130,1,742,sc
374,3,O,110,0,1533,cs
375,3,I,70,1,1453,cs
376,3,O,110,0,699,sc
377,3,O,50,0,531,cs
378,3,O,150,0,607,cs
379,3,I,100,1,1553,cs
380,3,I,80,0,630,cs
381,3,I,60,0,717,cs
382,3,O,100,0,567,sc
383,3,I,130,1,758,cs
384,3,O,50,0,670,sc
385,3,I,110,0,582,cs
386,3,I,120,1,1164,sc
387,3,O,80,0,574,sc
388,3,O,90,0,949,cs
389,3,I,50,0,541,sc
390,3,O,50,0,613,sc
391,3,O,120,0,558,cs
392,3,I,90,1,1054,sc
393,3,I,140,1,742,cs
394,3,O,80,0,1116,sc
395,3,I,100,1,798,sc
396,3,O,60,0,695,cs
397,3,I,140,1,1422,sc
398,3,I,140,1,709,sc
399,3,I,60,0,661,sc
400,3,I,90,0,663,cs
401,3,I,120,1,807,sc
402,3,O,80,0,670,sc
403,3,I,150,1,598,sc
404,3,O,150,1,1062,sc
405,3,I,90,0,733,sc
406,3,O,60,0,488,cs
407,3,O,150,1,723,sc
408,3,I,60,0,740,sc
409,3,I,70,0,551,cs
410,3,O,130,0,535,sc
411,3,O,80,0,567,cs
412,3,O,90,0,590,cs
413,3,I,70,1,1117,cs
414,3,O,110,1,755,cs
415,3,O,70,0,575,cs
416,3,O,70,0,594,sc
417,3,O,110,0,630,cs
418,3,I,150,1,654,cs
419,3,I,100,1,838,sc
420,3,O,60,0,534,cs
421,3,O,120,0,685,sc
422,3,I,80,1,1206,sc
423,3,I,100,1,628,sc
424,3,O,150,1,838,sc
425,3,O,130,1,701,cs
426,3,I,120,1,653,sc
427,3,O,110,1,559,cs
428,3,O,60,0,558,sc
429,3,O,60,0,494,sc
430,3,O,90,0,461,cs
431,3,I,90,1,614,sc
432,3,O,100,0,534,cs
433,3,O,120,1,804,cs
434,3,I,130,1,631,cs
435,3,O,120,0,606,cs
436,3,I,90,0,622,cs
437,3,I,120,1,692,cs
438,3,I,110,1,647,cs
439,3,I,150,1,580,sc
440,3,O,70,0,639,cs
441,3,O,70,0,423,cs
442,3,I,100,1,783,sc
443,3,O,150,1,788,cs
444,3,I,60,0,1020,sc
445,3,I,60,0,430,sc
446,3,I,130,1,678,cs
447,3,I,100,0,637,cs
448,3,I,90,0,559,cs
449,3,O,120,0,687,sc
450,3,O,60,0,454,cs
451,3,O,140,0,543,sc
452,3,I,50,1,934,cs
453,3,O,120,1,877,cs
454,3,O,80,0,654,cs
455,3,O,100,0,710,cs
456,3,I,70,0,1479,sc
457,3,O,50,0,549,cs
458,3,I,110,1,773,sc
459,3,I,110,1,751,sc
460,3,O,50,0,543,cs
461,3,I,140,1,614,sc
462,3,O,80,0,582,sc
463,3,O,130,0,663,sc
464,3,I,110,1,910,cs
465,3,I,60,0,851,cs
466,3,O,60,0,630,sc
467,3,I,140,1,630,cs
468,3,I,100,1,839,cs
469,3,I,100,1,701,cs
470,3,O,140,1,827,sc
471,3,O,140,0,679,sc
472,3,I,120,1,772,cs
473,3,I,50,0,547,cs
474,3,I,50,0,627,sc
475,3,I,80,0,594,sc
476,3,I,140,1,679,cs
477,3,I,130,1,511,sc
478,3,I,80,0,798,sc
479,3,I,120,1,702,cs
480,3,I,70,1,544,sc
481,3,I,130,1,733,sc
482,3,O,140,1,742,cs
483,3,O,100,0,967,sc
484,3,I,120,1,823,cs
485,3,I,90,1,623,sc
486,3,I,150,1,863,sc
487,3,O,140,1,1398,sc
488,3,O,90,0,885,sc
489,3,O,100,0,1653,sc
490,3,O,90,0,686,cs
491,3,I,50,0,686,cs
492,3,O,130,1,478,cs
493,3,I,150,1,559,cs
494,3,O,130,1,518,sc
495,3,O,50,0,463,sc
496,3,I,70,0,573,sc
497,3,I,70,0,542,sc
498,3,I,110,1,625,sc
499,3,I,150,1,475,cs
500,3,O,50,0,583,cs
501,3,I,150,1,555,cs
502,3,O,130,0,455,cs
503,3,I,80,0,523,cs
504,3,O,150,1,558,cs
505,3,I,60,0,463,cs
506,3,I,150,1,719,sc
507,3,O,120,0,527,sc
508,3,I,90,1,814,cs
509,3,I,110,1,775,cs
510,3,O,140,1,567,cs
511,3,O,90,0,950,sc
512,3,O,100,0,575,cs
513,3,O,120,0,470,sc
514,3,O,100,0,565,sc
515,3,I,50,0,710,sc
516,3,O,110,0,935,sc
517,3,O,110,0,695,sc
518,3,I,80,0,495,cs
519,3,I,60,0,451,cs
520,3,I,110,0,488,sc
521,3,I,70,0,396,cs
522,3,I,80,0,622,sc
523,3,O,110,0,551,sc
524,3,I,140,1,582,sc
525,3,O,130,1,751,cs
526,3,O,90,0,519,sc
527,3,O,80,0,503,cs
528,3,O,70,0,452,cs
529,4,I,80,0,11028,sc
530,4,I,70,0,2622,sc
531,4,O,60,0,973,cs
532,4,O,100,0,2628,cs
533,4,O,120,1,2278,sc
534,4,I,60,0,1238,sc
535,4,I,50,0,863,sc
536,4,O,100,0,2865,cs
537,4,I,50,0,830,cs
538,4,O,80,0,1060,sc
539,4,I,70,0,1382,cs
540,4,O,80,0,689,cs
541,4,O,150,1,942,sc
542,4,O,100,0,2498,sc
543,4,O,130,1,988,cs
544,4,I,140,1,828,cs
545,4,O,120,1,1075,sc
546,4,I,140,1,783,sc
547,4,O,130,1,1323,cs
548,4,I,150,1,618,sc
549,4,I,150,1,592,cs
550,4,O,70,0,763,sc
551,4,O,50,0,747,cs
552,4,I,130,1,770,cs
553,4,O,140,1,717,sc
554,4,O,50,0,745,cs
555,4,O,100,0,1119,cs
556,4,O,120,0,3560,cs
557,4,O,150,1,627,sc
558,4,I,130,1,721,sc
559,4,I,140,1,719,sc
560,4,I,120,1,724,sc
561,4,O,110,0,2614,sc
562,4,I,140,1,632,sc
563,4,O,110,0,2250,cs
564,4,I,110,1,815,cs
565,4,I,60,0,701,sc
566,4,O,60,0,828,sc
567,4,I,90,1,1663,cs
568,4,I,50,0,601,cs
569,4,O,150,1,1192,sc
570,4,I,120,1,769,sc
571,4,O,130,1,1216,cs
572,4,O,100,0,2049,sc
573,4,I,90,1,1656,cs
574,4,I,100,1,848,sc
575,4,I,150,1,708,sc
576,4,O,90,0,1144,cs
577,4,O,70,0,616,cs
578,4,I,90,1,983,sc
579,4,O,90,0,687,cs
580,4,O,90,0,1466,sc
581,4,O,140,1,601,sc
582,4,I,100,1,853,cs
583,4,O,120,1,1843,sc
584,4,I,60,0,787,cs
585,4,O,140,1,942,cs
586,4,O,50,0,802,sc
587,4,I,130,1,844,cs
588,4,O,140,1,993,cs
589,4,O,130,1,851,cs
590,4,O,120,1,1227,cs
591,4,O,70,0,623,cs
592,4,I,50,0,735,sc
593,4,O,50,0,607,cs
594,4,O,110,0,1163,sc
595,4,I,50,0,653,cs
596,4,I,100,1,636,cs
597,4,I,110,1,558,sc
598,4,O,100,0,698,sc
599,4,O,90,0,649,cs
600,4,O,80,0,692,cs
601,4,O,130,1,657,sc
602,4,O,60,0,622,cs
603,4,O,80,0,624,sc
604,4,O,140,1,621,sc
605,4,I,120,1,638,sc
606,4,O,110,0,1148,cs
607,4,O,50,0,571,sc
608,4,O,150,1,637,sc
609,4,I,140,1,675,cs
610,4,I,60,0,765,sc
611,4,O,120,1,1060,cs
612,4,I,130,1,1098,cs
613,4,I,60,0,992,cs
614,4,O,150,1,722,cs
615,4,O,150,1,681,cs
616,4,I,80,0,594,cs
617,4,I,120,1,701,cs
618,4,O,140,1,720,cs
619,4,O,80,0,625,cs
620,4,O,70,0,672,sc
621,4,I,80,0,905,cs
622,4,I,80,1,814,sc
623,4,I,60,0,914,cs
624,4,I,70,0,1112,sc
625,4,O,110,0,854,cs
626,4,I,140,1,699,sc
627,4,O,50,0,744,sc
628,4,I,90,1,1506,cs
629,4,O,110,1,4484,sc
630,4,I,120,1,863,sc
631,4,I,100,0,999,sc
632,4,O,80,0,703,sc
633,4,I,110,1,689,cs
634,4,I,120,1,702,cs
635,4,I,90,0,5603,sc
636,4,I,50,0,549,cs
637,4,O,70,0,537,cs
638,4,O,90,0,641,sc
639,4,O,100,0,687,sc
640,4,I,60,0,883,cs
641,4,I,90,0,1231,sc
642,4,O,70,0,649,sc
643,4,I,90,0,704,cs
644,4,O,60,0,602,cs
645,4,I,110,1,657,cs
646,4,O,60,0,645,sc
647,4,I,100,1,846,sc
648,4,I,150,1,551,sc
649,4,O,80,0,6292,cs
650,4,I,80,0,695,sc
651,4,O,110,0,928,sc
652,4,O,60,0,746,cs
653,4,I,80,1,1396,cs
654,4,O,140,1,614,cs
655,4,O,100,0,833,cs
656,4,I,80,1,1640,cs
657,4,I,70,0,651,sc
658,4,I,130,1,583,sc
659,4,I,140,1,627,cs
660,4,O,50,0,812,sc
661,4,I,70,0,825,cs
662,4,I,130,1,663,sc
663,4,O,60,0,600,sc
664,4,I,70,0,1077,sc
665,4,O,80,0,677,sc
666,4,I,150,1,625,cs
667,4,I,60,0,918,sc
668,4,O,120,1,1104,cs
669,4,I,80,1,1490,sc
670,4,I,70,0,1013,cs
671,4,I,110,1,900,sc
672,4,I,50,0,743,sc
673,4,O,70,0,686,cs
674,4,I,100,1,1006,cs
675,4,O,110,0,867,cs
676,4,I,120,1,698,cs
677,4,O,70,0,709,sc
678,4,O,150,1,828,cs
679,4,O,140,1,985,sc
680,4,I,100,1,1123,sc
681,4,I,150,1,1071,sc
682,4,O,60,0,617,sc
683,4,I,100,1,954,cs
684,4,O,130,1,1160,sc
685,4,I,110,1,1409,sc
686,4,O,120,1,1941,sc
687,4,O,90,0,736,sc
688,4,I,130,1,610,sc
689,4,I,90,1,2072,sc
690,4,O,50,0,692,cs
691,4,O,130,1,2227,sc
692,4,O,90,0,1624,cs
693,4,I,50,0,756,sc
694,4,I,130,0,985,cs
695,4,I,140,1,642,cs
696,4,I,110,1,3235,cs
697,4,I,120,1,548,cs
698,4,I,70,0,609,cs
699,4,I,150,1,503,cs
700,4,I,110,1,557,sc
701,4,O,150,1,549,cs
702,4,O,90,0,734,sc
703,4,O,130,1,951,sc
704,4,I,150,1,612,cs
705,5,I,80,0,5258,sc
706,5,I,60,0,4717,cs
707,5,O,80,0,1319,sc
708,5,O,50,0,1247,cs
709,5,O,140,1,1935,cs
710,5,O,130,1,2399,sc
711,5,O,60,0,990,sc
712,5,O,70,0,655,cs
713,5,I,150,1,832,sc
714,5,O,150,1,1069,cs
715,5,I,80,0,3167,sc
716,5,O,50,0,790,sc
717,5,I,100,1,1198,sc
718,5,I,130,1,823,sc
719,5,I,140,1,734,cs
720,5,O,120,1,2321,cs
721,5,I,50,0,1069,sc
722,5,O,110,0,1191,cs
723,5,O,120,0,1566,cs
724,5,I,80,0,1295,cs
725,5,I,90,1,3534,sc
726,5,I,70,0,1823,sc
727,5,O,110,0,1191,sc
728,5,I,130,1,855,cs
729,5,I,150,1,742,cs
730,5,O,60,0,806,cs
731,5,O,70,0,614,sc
732,5,I,50,0,839,sc
733,5,I,90,1,1175,sc
734,5,O,60,0,608,cs
735,5,I,50,0,791,sc
736,5,O,60,0,686,sc
737,5,I,140,1,997,cs
738,5,I,100,0,2174,cs
739,5,I,150,1,727,sc
740,5,I,50,0,2687,cs
741,5,O,70,0,623,cs
742,5,O,110,0,615,sc
743,5,O,80,0,1581,cs
744,5,I,140,1,943,sc
745,5,O,130,1,1015,cs
746,5,I,130,1,926,cs
747,5,I,50,0,687,sc
748,5,O,110,0,1222,cs
749,5,O,60,0,582,sc
750,5,O,140,1,792,sc
751,5,I,70,0,1022,cs
752,5,O,90,0,1048,cs
753,5,O,50,0,646,cs
754,5,I,150,1,679,cs
755,5,O,80,0,647,cs
756,5,I,50,0,647,cs
757,5,O,120,1,1535,cs
758,5,I,140,1,590,cs
759,5,I,70,0,968,sc
760,5,O,130,0,1077,cs
761,5,O,100,0,3271,sc
762,5,O,130,1,1080,sc
763,5,I,110,1,1366,sc
764,5,I,120,1,750,sc
765,5,I,150,1,639,sc
766,5,O,80,0,1150,sc
767,5,O,80,0,782,cs
768,5,O,110,0,767,sc
769,5,I,60,0,1510,sc
770,5,I,100,1,2654,sc
771,5,O,110,0,926,cs
772,5,O,140,1,2015,cs
773,5,O,140,1,1439,cs
774,5,I,70,0,806,cs
775,5,I,150,1,655,cs
776,5,O,90,0,855,sc
777,5,I,100,1,3638,cs
778,5,I,70,0,957,cs
779,5,I,100,1,1701,cs
780,5,O,90,0,751,cs
781,5,O,150,1,2422,cs
782,5,O,100,0,1304,sc
783,5,O,140,1,1293,sc
784,5,O,80,0,1047,sc
785,5,O,130,1,4959,sc
786,5,O,100,0,3999,cs
787,5,O,120,0,648,sc
788,5,I,70,0,685,sc
789,5,I,70,0,1181,sc
790,5,I,70,0,494,cs
791,5,O,90,0,1294,sc
792,5,O,90,0,1119,cs
793,5,O,100,0,1239,cs
794,5,O,80,0,727,sc
795,5,O,50,0,696,sc
796,5,I,120,1,685,sc
797,5,I,60,0,958,sc
798,5,I,100,1,1110,sc
799,5,I,140,1,670,sc
800,5,O,50,0,815,cs
801,5,I,90,1,2158,cs
802,5,I,110,1,671,cs
803,5,I,100,1,663,cs
804,5,I,130,1,623,sc
805,5,I,110,1,1447,cs
806,5,I,130,1,517,cs
807,5,I,110,1,631,sc
808,5,I,120,1,783,cs
809,5,I,60,0,911,cs
810,5,I,90,1,2479,cs
811,5,I,90,1,1328,sc
812,5,O,120,0,1199,sc
813,5,O,60,0,1006,cs
814,5,O,90,0,2695,sc
815,5,O,100,0,1398,sc
816,5,I,120,1,1008,sc
817,5,I,140,1,614,cs
818,5,I,90,1,1679,sc
819,5,I,140,1,591,sc
820,5,I,120,1,591,cs
821,5,I,90,0,1175,cs
822,5,I,150,1,638,cs
823,5,I,110,1,1688,cs
824,5,O,100,0,1022,sc
825,5,O,100,0,839,cs
826,5,I,120,1,1232,cs
827,5,I,130,1,2062,cs
828,5,O,120,1,1384,sc
829,5,I,120,1,863,cs
830,5,O,120,1,3414,sc
831,5,O,150,1,1975,sc
832,5,O,140,1,719,sc
833,5,I,150,1,782,sc
834,5,I,80,1,2359,cs
835,5,O,60,0,1149,sc
836,5,O,150,1,1383,sc
837,5,O,100,0,5117,cs
838,5,O,90,0,1759,sc
839,5,O,90,0,1071,cs
840,5,I,110,1,3503,sc
841,5,I,80,0,1023,sc
842,5,O,80,0,1319,cs
843,5,O,140,1,1648,sc
844,5,O,110,1,2173,cs
845,5,I,60,0,1022,sc
846,5,I,90,0,1567,cs
847,5,I,50,0,942,cs
848,5,O,150,1,1383,sc
849,5,O,60,0,1046,cs
850,5,I,60,0,1870,cs
851,5,O,110,0,1527,sc
852,5,I,80,1,2399,cs
853,5,O,130,1,2247,sc
854,5,I,60,0,1166,cs
855,5,I,100,1,1280,sc
856,5,I,50,0,1878,cs
857,5,O,70,0,631,sc
858,5,O,120,0,637,cs
859,5,O,50,0,1239,sc
860,5,O,70,0,967,cs
861,5,O,70,0,615,sc
862,5,O,50,0,719,sc
863,5,O,150,1,902,cs
864,5,O,130,1,2111,cs
865,5,I,80,0,3743,sc
866,5,O,70,0,774,cs
867,5,I,80,1,2128,cs
868,5,I,130,1,734,sc
869,5,O,150,1,2119,cs
870,5,I,110,1,2447,cs
871,5,I,110,1,855,sc
872,5,O,70,0,693,sc
873,5,I,120,1,911,sc
874,5,O,50,0,623,cs
875,5,I,130,1,814,sc
876,5,O,140,1,766,cs
877,5,O,150,1,550,sc
878,5,I,140,1,719,sc
879,5,I,60,0,863,sc
880,5,O,130,1,1455,cs
881,6,I,130,1,1644,sc
882,6,I,60,0,1219,sc
883,6,O,70,0,1202,sc
884,6,O,150,1,1451,cs
885,6,I,70,0,3073,sc
886,6,O,130,1,825,sc
887,6,I,150,1,661,cs
888,6,I,120,1,818,sc
889,6,O,110,0,859,cs
890,6,I,50,0,865,cs
891,6,O,150,1,959,cs
892,6,O,140,1,1010,sc
893,6,O,100,0,775,sc
894,6,I,110,1,693,sc
895,6,I,90,1,1718,cs
896,6,I,50,0,689,cs
897,6,I,50,0,870,cs
898,6,I,100,1,1069,cs
899,6,O,100,0,977,cs
900,6,O,50,0,847,sc
901,6,O,110,0,987,sc
902,6,I,80,1,857,sc
903,6,O,60,0,736,cs
904,6,O,50,0,573,cs
905,6,O,70,0,625,sc
906,6,O,60,0,557,cs
907,6,O,80,0,779,cs
908,6,O,90,0,628,sc
909,6,O,110,1,1466,cs
910,6,O,140,1,712,sc
911,6,I,130,1,646,cs
912,6,I,60,0,611,cs
913,6,I,140,1,529,cs
914,6,O,90,0,783,cs
915,6,I,100,1,1233,cs
916,6,I,90,0,1576,sc
917,6,I,80,1,1048,cs
918,6,O,50,0,532,sc
919,6,O,80,0,540,cs
920,6,O,130,1,954,cs
921,6,O,70,0,553,cs
922,6,I,140,1,515,cs
923,6,I,120,1,538,cs
924,6,I,50,0,940,sc
925,6,I,100,1,1105,sc
926,6,O,140,1,586,cs
927,6,O,50,0,624,cs
928,6,O,90,0,677,sc
929,6,I,150,1,646,cs
930,6,O,80,0,659,sc
931,6,O,100,0,690,cs
932,6,I,120,1,718,cs
933,6,O,110,1,856,cs
934,6,O,110,0,667,sc
935,6,O,110,0,583,sc
936,6,O,120,1,1326,cs
937,6,O,80,0,674,sc
938,6,O,120,0,903,sc
939,6,O,60,0,545,cs
940,6,I,60,0,765,cs
941,6,O,110,0,494,sc
942,6,I,80,0,785,sc
943,6,O,90,0,628,cs
944,6,I,90,0,1103,cs
945,6,O,60,0,458,cs
946,6,I,100,1,1104,sc
947,6,O,120,1,536,cs
948,6,O,60,0,683,sc
949,6,I,80,0,633,cs
950,6,O,140,0,490,sc
951,6,O,130,1,533,cs
952,6,I,150,1,619,sc
953,6,I,110,1,616,sc
954,6,O,100,0,878,sc
955,6,O,110,0,734,cs
956,6,I,80,0,542,cs
957,6,I,120,1,657,sc
958,6,O,140,1,495,cs
959,6,O,80,0,586,cs
960,6,O,150,1,620,sc
961,6,O,60,0,518,sc
962,6,I,50,0,602,sc
963,6,O,70,0,535,cs
964,6,O,150,1,756,sc
965,6,I,120,1,718,cs
966,6,O,100,0,659,cs
967,6,O,70,0,587,sc
968,6,I,140,1,549,cs
969,6,O,140,1,647,cs
970,6,O,150,1,540,cs
971,6,O,130,1,613,cs
972,6,I,110,1,558,sc
973,6,O,150,1,740,sc
974,6,O,120,1,1106,cs
975,6,I,80,0,939,sc
976,6,I,90,0,1006,sc
977,6,O,80,0,613,sc
978,6,I,90,1,1325,cs
979,6,I,80,0,1212,sc
980,6,I,100,1,1099,cs
981,6,I,110,1,616,cs
982,6,I,90,0,702,sc
983,6,O,90,0,706,sc
984,6,O,130,1,564,sc
985,6,I,60,0,726,cs
986,6,O,70,0,476,sc
987,6,I,130,1,723,sc
988,6,I,120,1,592,cs
989,6,O,60,0,571,sc
990,6,I,110,1,1109,cs
991,6,O,50,0,573,sc
992,6,I,110,1,499,sc
993,6,O,120,0,494,sc
994,6,O,120,0,570,sc
995,6,O,140,0,550,cs
996,6,O,50,0,382,sc
997,6,I,50,0,596,sc
998,6,O,70,0,394,cs
999,6,O,90,0,689,cs
1000,6,I,70,0,675,cs
1001,6,I,120,0,488,sc
1002,6,I,120,1,619,sc
1003,6,O,80,0,600,sc
1004,6,I,140,1,504,sc
1005,6,I,80,0,1166,cs
1006,6,I,110,1,732,cs
1007,6,I,90,1,725,sc
1008,6,I,100,0,663,sc
1009,6,I,60,0,494,sc
1010,6,O,90,0,471,cs
1011,6,I,60,0,557,sc
1012,6,O,130,0,594,sc
1013,6,I,70,0,500,sc
1014,6,I,100,1,473,sc
1015,6,I,70,0,1134,cs
1016,6,I,140,1,729,sc
1017,6,I,150,1,536,cs
1018,6,I,150,1,515,sc
1019,6,I,140,1,566,sc
1020,6,I,130,1,466,cs
1021,6,I,130,1,528,sc
1022,6,O,150,1,428,cs
1023,6,I,140,1,597,sc
1024,6,O,130,1,419,cs
1025,6,I,90,0,807,cs
1026,6,I,50,0,530,cs
1027,6,I,130,1,614,sc
1028,6,I,70,0,672,cs
1029,6,O,70,0,529,cs
1030,6,I,60,0,592,sc
1031,6,I,140,1,448,cs
1032,6,O,150,1,566,sc
1033,6,I,150,1,557,sc
1034,6,I,60,0,771,cs
1035,6,O,120,0,468,sc
1036,6,I,150,1,485,cs
1037,6,O,100,0,504,cs
1038,6,O,100,0,358,sc
1039,6,I,50,0,643,sc
1040,6,I,130,1,764,cs
1041,6,I,70,0,497,cs
1042,6,O,50,0,514,cs
1043,6,O,80,0,442,cs
1044,6,O,140,1,707,sc
1045,6,I,70,0,480,sc
1046,6,O,90,0,452,sc
1047,6,I,70,0,410,sc
1048,6,O,50,0,412,cs
1049,6,I,150,1,516,sc
1050,6,O,100,0,523,sc
1051,6,O,120,0,586,cs
1052,6,O,130,0,398,sc
1053,6,I,130,1,519,cs
1054,6,I,110,0,834,cs
1055,6,I,100,1,402,cs
1056,6,O,60,0,494,sc
1057,7,I,110,1,1576,sc
1058,7,O,80,0,889,sc
1059,7,I,140,1,701,sc
1060,7,O,140,1,1368,sc
1061,7,I,140,1,1011,sc
1062,7,I,100,1,1233,cs
1063,7,O,90,0,683,sc
1064,7,I,130,1,742,cs
1065,7,O,70,0,1022,sc
1066,7,I,110,1,1726,cs
1067,7,I,140,1,598,sc
1068,7,O,150,1,864,sc
1069,7,O,100,0,3516,sc
1070,7,O,100,0,1933,cs
1071,7,O,110,1,1214,cs
1072,7,I,110,1,1155,cs
1073,7,I,120,1,744,sc
1074,7,O,130,1,943,cs
1075,7,O,130,1,2398,sc
1076,7,I,70,0,884,cs
1077,7,O,100,0,1446,cs
1078,7,O,70,0,1301,cs
1079,7,I,90,1,837,cs
1080,7,I,120,1,830,sc
1081,7,O,120,0,627,sc
1082,7,O,110,1,1058,cs
1083,7,O,130,1,725,cs
1084,7,O,80,0,582,cs
1085,7,O,50,0,596,cs
1086,7,O,110,1,827,cs
1087,7,I,140,1,919,cs
1088,7,O,80,0,566,cs
1089,7,I,90,0,1363,cs
1090,7,O,140,0,941,sc
1091,7,O,150,1,834,sc
1092,7,I,130,1,632,sc
1093,7,O,50,0,645,sc
1094,7,O,60,0,619,sc
1095,7,I,80,0,1150,sc
1096,7,O,150,1,757,cs
1097,7,I,110,1,1052,cs
1098,7,I,50,0,1765,sc
1099,7,O,50,0,617,sc
1100,7,I,120,1,1741,cs
1101,7,O,90,0,559,cs
1102,7,I,90,1,749,cs
1103,7,I,110,1,926,sc
1104,7,O,50,0,590,sc
1105,7,I,100,1,734,cs
1106,7,I,70,0,620,cs
1107,7,O,150,1,704,sc
1108,7,I,100,0,1870,sc
1109,7,I,90,0,830,sc
1110,7,O,60,0,479,cs
1111,7,I,70,0,473,sc
1112,7,I,60,0,734,cs
1113,7,I,60,0,598,sc
1114,7,I,150,1,681,sc
1115,7,I,60,0,590,sc
1116,7,O,100,0,2766,sc
1117,7,O,140,1,612,sc
1118,7,I,70,1,1310,sc
1119,7,O,100,0,620,cs
1120,7,I,140,1,637,sc
1121,7,O,120,1,1298,cs
1122,7,O,140,1,778,sc
1123,7,O,110,0,1494,cs
1124,7,I,100,1,839,cs
1125,7,I,80,0,842,sc
1126,7,O,80,0,585,sc
1127,7,I,120,1,990,cs
1128,7,O,130,1,996,cs
1129,7,O,50,0,549,cs
1130,7,O,130,1,942,sc
1131,7,I,110,1,1580,sc
1132,7,I,90,0,591,sc
1133,7,O,140,1,653,cs
1134,7,O,140,1,891,cs
1135,7,I,100,1,1130,cs
1136,7,O,90,0,505,sc
1137,7,O,120,0,1469,cs
1138,7,I,60,0,1269,cs
1139,7,O,60,0,689,cs
1140,7,O,120,1,1046,cs
1141,7,I,90,0,1958,sc
1142,7,O,150,1,535,cs
1143,7,I,80,1,870,cs
1144,7,I,130,1,700,sc
1145,7,I,120,1,563,cs
1146,7,I,100,1,1577,sc
1147,7,O,110,0,35806,sc
1148,7,I,50,0,629,cs
1149,7,O,150,1,801,cs
1150,7,I,110,1,1072,cs
1151,7,I,120,1,873,sc
1152,7,I,70,0,5158,cs
1153,7,O,70,0,503,cs
1154,7,I,50,0,588,sc
1155,7,O,80,0,798,sc
1156,7,O,100,0,879,sc
1157,7,I,80,1,1694,cs
1158,7,O,70,0,540,sc
1159,7,I,50,0,949,sc
1160,7,O,70,0,924,sc
1161,7,O,80,0,606,cs
1162,7,O,150,1,720,sc
1163,7,I,50,0,767,cs
1164,7,I,130,1,797,sc
1165,7,I,130,1,782,sc
1166,7,I,150,1,473,sc
1167,7,I,120,1,997,sc
1168,7,O,130,0,452,sc
1169,7,O,70,0,558,sc
1170,7,O,120,1,1649,cs
1171,7,O,60,0,494,sc
1172,7,I,150,1,566,cs
1173,7,O,130,0,2461,sc
1174,7,O,110,0,1225,sc
1175,7,I,130,1,630,cs
1176,7,O,120,0,1229,sc
1177,7,I,90,0,989,sc
1178,7,O,60,0,524,sc
1179,7,I,150,1,487,sc
1180,7,O,100,1,925,cs
1181,7,I,80,0,470,sc
1182,7,O,50,0,501,cs
1183,7,O,110,0,460,sc
1184,7,I,140,1,703,cs
1185,7,O,100,0,1098,sc
1186,7,I,60,0,485,cs
1187,7,O,110,0,508,sc
1188,7,O,60,0,575,cs
1189,7,I,70,0,581,cs
1190,7,I,120,1,595,cs
1191,7,O,90,0,606,cs
1192,7,I,130,1,481,cs
1193,7,O,70,0,575,cs
1194,7,O,50,0,1940,cs
1195,7,I,70,0,1062,sc
1196,7,I,80,0,820,cs
1197,7,I,80,0,1054,sc
1198,7,I,150,1,614,cs
1199,7,I,150,1,550,sc
1200,7,I,140,1,514,cs
1201,7,O,50,0,613,sc
1202,7,I,50,0,764,cs
1203,7,O,120,1,1870,sc
1204,7,I,140,1,654,cs
1205,7,I,130,1,823,cs
1206,7,O,140,1,1313,cs
1207,7,I,90,0,3062,cs
1208,7,O,130,1,10183,cs
1209,7,O,150,1,510,cs
1210,7,I,110,1,622,sc
1211,7,O,90,0,549,sc
1212,7,O,70,0,521,cs
1213,7,I,100,1,1084,sc
1214,7,I,80,1,1069,cs
1215,7,O,60,0,575,cs
1216,7,O,120,1,1312,sc
1217,7,O,80,0,648,cs
1218,7,I,60,0,1263,sc
1219,7,I,60,0,484,cs
1220,7,O,60,0,588,sc
1221,7,O,90,0,510,cs
1222,7,I,60,0,952,sc
1223,7,I,50,0,759,sc
1224,7,I,100,1,1178,sc
1225,7,O,80,0,605,sc
1226,7,I,150,1,710,cs
1227,7,I,150,1,757,cs
1228,7,O,90,0,638,cs
1229,7,I,50,0,502,cs
1230,7,I,70,0,738,sc
1231,7,O,140,0,485,cs
1232,7,O,90,0,1949,sc
1233,8,O,140,1,1410,cs
1234,8,I,150,1,874,sc
1235,8,O,110,0,1732,sc
1236,8,O,70,0,1023,cs
1237,8,O,90,0,1589,cs
1238,8,I,150,1,1160,cs
1239,8,I,70,0,1081,cs
1240,8,O,80,0,1259,sc
1241,8,I,130,1,775,sc
1242,8,O,100,0,1438,sc
1243,8,I,70,0,745,cs
1244,8,O,50,0,823,cs
1245,8,O,80,0,1610,cs
1246,8,I,80,1,2435,cs
1247,8,O,50,0,747,sc
1248,8,I,60,0,657,cs
1249,8,I,60,0,622,sc
1250,8,O,120,0,1313,sc
1251,8,I,120,1,811,sc
1252,8,O,100,0,918,sc
1253,8,O,150,1,875,cs
1254,8,I,110,1,1621,sc
1255,8,O,130,1,930,sc
1256,8,O,110,1,1487,sc
1257,8,O,60,0,819,sc
1258,8,O,120,1,1532,cs
1259,8,I,60,0,743,cs
1260,8,I,120,1,928,sc
1261,8,O,80,0,863,cs
1262,8,I,130,1,759,cs
1263,8,O,70,0,657,cs
1264,8,I,90,1,1312,cs
1265,8,I,140,1,576,cs
1266,8,O,110,0,1302,cs
1267,8,I,70,0,712,sc
1268,8,I,80,0,1542,sc
1269,8,I,130,1,848,sc
1270,8,O,150,1,768,sc
1271,8,I,50,0,877,sc
1272,8,O,50,0,620,cs
1273,8,O,100,0,1123,cs
1274,8,I,80,1,1280,cs
1275,8,I,100,1,1257,sc
1276,8,I,110,1,662,sc
1277,8,I,130,1,695,cs
1278,8,O,150,1,904,sc
1279,8,O,130,1,975,sc
1280,8,O,120,1,1704,sc
1281,8,I,80,0,1226,cs
1282,8,O,60,0,688,sc
1283,8,I,120,1,899,sc
1284,8,I,50,0,651,sc
1285,8,O,50,0,694,cs
1286,8,I,100,1,1712,cs
1287,8,I,140,1,561,cs
1288,8,O,70,0,674,cs
1289,8,I,90,0,1117,sc
1290,8,I,100,1,1635,cs
1291,8,O,80,0,669,sc
1292,8,I,150,1,549,sc
1293,8,O,110,1,976,sc
1294,8,O,60,0,505,sc
1295,8,I,150,1,621,cs
1296,8,I,60,0,742,sc
1297,8,I,110,1,998,sc
1298,8,O,100,0,670,cs
1299,8,O,90,0,855,cs
1300,8,O,120,0,541,sc
1301,8,O,140,1,546,sc
1302,8,I,130,1,574,sc
1303,8,I,50,0,1015,cs
1304,8,O,130,1,694,cs
1305,8,O,60,0,811,cs
1306,8,I,100,0,607,sc
1307,8,O,110,0,801,cs
1308,8,O,100,0,1188,sc
1309,8,O,90,0,1239,cs
1310,8,O,80,0,825,sc
1311,8,I,150,1,637,sc
1312,8,O,60,0,757,cs
1313,8,O,60,0,743,cs
1314,8,I,150,1,682,sc
1315,8,O,70,0,944,cs
1316,8,I,70,0,733,sc
1317,8,I,150,1,688,cs
1318,8,O,50,0,602,cs
1319,8,I,120,1,640,cs
1320,8,O,80,0,697,cs
1321,8,O,150,1,786,sc
1322,8,O,80,0,847,cs
1323,8,I,60,0,965,cs
1324,8,O,70,0,629,sc
1325,8,O,120,1,1188,cs
1326,8,O,110,0,1301,sc
1327,8,I,60,0,565,sc
1328,8,I,110,1,1452,cs
1329,8,I,120,1,766,cs
1330,8,I,70,0,906,cs
1331,8,O,130,1,860,cs
1332,8,I,120,1,603,cs
1333,8,I,50,0,672,cs
1334,8,I,90,0,1292,sc
1335,8,O,120,1,704,cs
1336,8,I,100,1,789,cs
1337,8,I,110,1,648,cs
1338,8,O,150,1,624,cs
1339,8,O,120,1,1009,cs
1340,8,I,80,0,827,sc
1341,8,O,130,1,910,sc
1342,8,O,130,1,750,sc
1343,8,I,140,1,561,sc
1344,8,I,150,1,581,cs
1345,8,I,140,1,816,sc
1346,8,I,100,0,1401,sc
1347,8,O,120,0,589,sc
1348,8,O,140,1,954,sc
1349,8,I,130,1,669,sc
1350,8,O,60,0,665,cs
1351,8,I,60,0,793,sc
1352,8,O,140,1,1159,cs
1353,8,O,90,0,609,sc
1354,8,O,110,1,1032,cs
1355,8,O,70,0,583,sc
1356,8,I,110,1,1310,cs
1357,8,I,70,0,526,sc
1358,8,I,120,1,729,cs
1359,8,I,50,0,850,cs
1360,8,I,90,0,1041,cs
1361,8,O,50,0,567,sc
1362,8,O,50,0,470,sc
1363,8,I,140,1,833,sc
1364,8,O,90,0,1050,cs
1365,8,O,130,1,750,cs
1366,8,I,90,0,608,sc
1367,8,O,100,0,557,cs
1368,8,I,140,1,527,cs
1369,8,I,70,0,770,sc
1370,8,I,140,1,664,sc
1371,8,O,100,0,775,sc
1372,8,O,140,1,785,sc
1373,8,I,80,0,1067,cs
1374,8,I,50,0,575,sc
1375,8,I,110,1,809,cs
1376,8,O,60,0,573,sc
1377,8,O,70,0,778,sc
1378,8,O,150,1,752,cs
1379,8,I,90,0,1025,cs
1380,8,I,70,0,727,cs
1381,8,O,70,0,587,sc
1382,8,O,130,1,907,cs
1383,8,O,90,0,569,sc
1384,8,I,80,0,404,sc
1385,8,O,110,1,1083,cs
1386,8,I,90,0,1047,cs
1387,8,O,150,1,598,cs
1388,8,I,80,0,1259,sc
1389,8,I,60,0,710,cs
1390,8,O,90,0,744,sc
1391,8,I,100,1,1131,cs
1392,8,O,80,0,633,sc
1393,8,O,100,0,564,cs
1394,8,I,110,1,1488,sc
1395,8,O,50,0,536,sc
1396,8,I,100,1,730,sc
1397,8,O,140,1,701,cs
1398,8,O,150,1,831,sc
1399,8,I,120,1,1117,sc
1400,8,I,130,1,616,cs
1401,8,I,140,1,486,cs
1402,8,I,90,0,875,sc
1403,8,O,90,0,615,sc
1404,8,O,140,1,976,sc
1405,8,I,50,0,629,sc
1406,8,I,130,1,900,cs
1407,8,O,140,1,630,cs
1408,8,I,50,0,672,cs
1409,9,O,130,1,1968,sc
1410,9,O,140,1,1685,cs
1411,9,I,110,1,1246,sc
1412,9,O,50,0,948,sc
1413,9,I,120,1,1088,sc
1414,9,I,60,0,1062,cs
1415,9,I,140,1,1069,cs
1416,9,I,80,0,1645,sc
1417,9,I,120,1,913,sc
1418,9,I,130,1,865,cs
1419,9,O,50,0,792,cs
1420,9,O,150,1,791,sc
1421,9,O,130,1,2553,sc
1422,9,O,100,0,904,sc
1423,9,I,50,0,1121,cs
1424,9,I,100,0,1083,cs
1425,9,I,120,1,691,sc
1426,9,I,90,1,1867,cs
1427,9,O,80,0,783,sc
1428,9,I,140,1,918,cs
1429,9,I,80,0,747,cs
1430,9,I,60,0,970,sc
1431,9,I,110,1,1541,cs
1432,9,O,150,1,552,sc
1433,9,O,150,1,752,cs
1434,9,O,50,0,608,cs
1435,9,O,80,0,667,cs
1436,9,O,140,1,688,cs
1437,9,O,120,0,4412,sc
1438,9,I,150,1,718,sc
1439,9,I,150,1,623,sc
1440,9,O,70,0,682,sc
1441,9,O,90,0,652,cs
1442,9,O,110,0,1427,cs
1443,9,O,120,0,1647,sc
1444,9,I,50,0,570,cs
1445,9,I,80,0,1501,cs
1446,9,I,90,1,820,sc
1447,9,I,90,1,3153,sc
1448,9,I,150,1,609,cs
1449,9,O,60,0,610,sc
1450,9,I,70,0,780,cs
1451,9,I,130,1,618,sc
1452,9,I,50,0,685,sc
1453,9,O,90,0,596,sc
1454,9,I,60,0,921,sc
1455,9,I,130,1,670,cs
1456,9,I,150,1,519,sc
1457,9,I,120,1,669,cs
1458,9,I,60,0,565,cs
1459,9,O,110,0,624,cs
1460,9,O,90,0,646,cs
1461,9,O,150,1,634,cs
1462,9,I,140,1,586,sc
1463,9,O,90,0,537,sc
1464,9,O,140,1,893,sc
1465,9,O,50,1,776,cs
1466,9,O,50,0,912,sc
1467,9,O,110,0,1019,cs
1468,9,I,90,0,1349,sc
1469,9,O,120,0,575,sc
1470,9,O,120,1,807,cs
1471,9,I,100,1,1184,cs
1472,9,I,70,0,931,sc
1473,9,I,70,0,955,sc
1474,9,I,70,0,1976,sc
1475,9,O,90,0,1599,sc
1476,9,O,60,0,632,cs
1477,9,O,140,1,873,cs
1478,9,I,110,1,1264,sc
1479,9,O,80,0,897,cs
1480,9,O,90,0,586,sc
1481,9,I,110,1,1157,cs
1482,9,I,90,0,3737,cs
1483,9,O,60,0,548,sc
1484,9,O,100,0,568,cs
1485,9,O,140,0,1032,sc
1486,9,I,70,0,848,cs
1487,9,O,80,0,739,cs
1488,9,O,70,0,792,cs
1489,9,O,100,0,717,sc
1490,9,O,60,0,1067,cs
1491,9,I,80,0,3051,sc
1492,9,O,150,1,1876,cs
1493,9,O,70,0,787,sc
1494,9,O,150,1,1604,sc
1495,9,I,70,0,1043,cs
1496,9,O,130,1,1158,cs
1497,9,O,120,0,1112,cs
1498,9,I,100,1,1318,sc
1499,9,I,70,0,749,sc
1500,9,I,110,1,1557,sc
1501,9,O,90,0,705,cs
1502,9,I,110,1,820,cs
1503,9,I,130,1,946,sc
1504,9,I,110,0,1472,sc
1505,9,O,70,0,943,cs
1506,9,O,150,1,1127,sc
1507,9,I,60,0,620,sc
1508,9,I,60,0,672,cs
1509,9,I,130,1,662,cs
1510,9,O,80,0,640,sc
1511,9,I,140,1,625,sc
1512,9,O,130,1,725,cs
1513,9,I,140,1,572,sc
1514,9,O,100,1,712,cs
1515,9,I,80,1,2356,sc
1516,9,I,130,1,623,sc
1517,9,I,80,0,1098,cs
1518,9,I,100,1,1410,sc
1519,9,O,60,0,631,cs
1520,9,O,50,0,605,sc
1521,9,I,120,1,908,cs
1522,9,O,130,0,639,cs
1523,9,O,60,0,602,sc
1524,9,I,110,1,776,cs
1525,9,O,70,0,461,cs
1526,9,I,150,1,567,sc
1527,9,O,110,0,620,sc
1528,9,I,50,0,788,sc
1529,9,I,120,1,762,cs
1530,9,O,100,0,737,sc
1531,9,I,50,0,515,cs
1532,9,O,80,0,706,cs
1533,9,O,130,0,746,sc
1534,9,I,80,0,982,sc
1535,9,I,150,1,652,cs
1536,9,I,70,0,484,cs
1537,9,I,90,1,2277,cs
1538,9,O,110,0,551,sc
1539,9,I,100,0,607,cs
1540,9,O,100,0,492,sc
1541,9,O,50,0,525,cs
1542,9,O,120,0,692,cs
1543,9,I,140,1,1109,cs
1544,9,I,120,1,873,cs
1545,9,O,60,0,612,sc
1546,9,I,150,1,809,cs
1547,9,O,70,0,552,cs
1548,9,I,140,1,555,cs
1549,9,O,110,0,572,cs
1550,9,O,140,0,530,sc
1551,9,I,60,0,622,sc
1552,9,O,140,1,1439,cs
1553,9,I,100,1,3125,cs
1554,9,O,80,0,581,sc
1555,9,O,70,0,656,sc
1556,9,I,90,1,1897,sc
1557,9,I,130,1,685,cs
1558,9,O,70,0,617,sc
1559,9,I,150,1,596,cs
1560,9,O,150,1,837,cs
1561,9,O,100,0,517,cs
1562,9,O,120,0,1523,sc
1563,9,O,100,0,1214,cs
1564,9,I,100,1,755,sc
1565,9,I,130,1,580,sc
1566,9,O,50,0,591,sc
1567,9,I,50,0,842,sc
1568,9,I,60,0,672,cs
1569,9,I,50,0,929,sc
1570,9,I,50,0,594,cs
1571,9,I,120,1,756,sc
1572,9,O,90,0,1367,cs
1573,9,I,140,1,792,sc
1574,9,O,110,0,658,sc
1575,9,I,90,0,686,cs
1576,9,O,110,0,541,sc
1577,9,I,100,1,844,sc
1578,9,O,60,0,666,cs
1579,9,O,130,1,982,sc
1580,9,O,80,0,588,sc
1581,9,O,130,1,2203,cs
1582,9,I,80,0,1286,cs
1583,9,O,140,1,1213,sc
1584,9,O,120,1,2415,cs
1585,10,I,140,1,2465,sc
1586,10,O,150,1,1673,cs
1587,10,I,130,1,1808,cs
1588,10,I,110,1,6798,cs
1589,10,I,60,0,1375,sc
1590,10,O,60,0,1171,cs
1591,10,O,50,0,2671,sc
1592,10,O,80,0,964,cs
1593,10,I,70,0,3120,cs
1594,10,I,150,1,1067,cs
1595,10,O,150,1,1517,sc
1596,10,I,140,1,1106,cs
1597,10,I,90,0,2129,sc
1598,10,O,120,0,2522,cs
1599,10,O,80,0,1198,cs
1600,10,I,50,0,1102,sc
1601,10,I,120,1,1334,sc
1602,10,I,150,1,866,sc
1603,10,O,90,0,1291,cs
1604,10,I,100,1,4196,cs
1605,10,I,70,0,1280,cs
1606,10,O,90,0,918,sc
1607,10,I,60,0,1112,sc
1608,10,I,50,0,958,sc
1609,10,O,130,1,1643,sc
1610,10,O,100,0,1599,cs
1611,10,O,70,0,1158,cs
1612,10,O,50,0,931,cs
1613,10,O,50,0,868,sc
1614,10,O,100,0,1116,cs
1615,10,O,100,0,1117,cs
1616,10,O,110,0,2370,cs
1617,10,I,140,1,967,cs
1618,10,O,50,0,828,sc
1619,10,O,80,0,822,cs
1620,10,O,60,0,790,cs
1621,10,O,130,0,3252,cs
1622,10,I,120,1,2257,sc
1623,10,I,50,0,891,cs
1624,10,O,50,0,729,cs
1625,10,O,140,1,2469,cs
1626,10,I,120,1,720,cs
1627,10,O,150,1,1056,sc
1628,10,O,100,0,1120,sc
1629,10,I,90,1,2223,sc
1630,10,I,150,1,738,sc
1631,10,O,60,0,780,sc
1632,10,O,130,1,1306,sc
1633,10,I,130,1,930,cs
1634,10,O,120,0,1806,sc
1635,10,O,70,0,1202,sc
1636,10,O,110,0,2830,sc
1637,10,I,110,1,1512,sc
1638,10,I,150,1,759,sc
1639,10,I,100,1,3964,sc
1640,10,I,100,1,2561,cs
1641,10,O,80,0,1026,sc
1642,10,O,120,1,3338,sc
1643,10,I,140,1,723,sc
1644,10,O,110,0,3449,sc
1645,10,I,90,0,2302,cs
1646,10,I,50,0,1582,sc
1647,10,O,80,0,958,sc
1648,10,O,100,0,3846,cs
1649,10,I,100,1,1242,cs
1650,10,O,110,0,2121,cs
1651,10,I,70,0,1044,sc
1652,10,I,130,1,1483,sc
1653,10,I,150,1,715,sc
1654,10,O,110,0,1730,cs
1655,10,I,70,0,978,sc
1656,10,O,110,1,3450,sc
1657,10,I,80,0,1597,cs
1658,10,O,140,1,2277,cs
1659,10,I,60,0,1016,cs
1660,10,O,60,0,1791,sc
1661,10,O,70,0,871,sc
1662,10,I,50,0,874,sc
1663,10,I,90,0,2171,sc
1664,10,O,70,0,815,cs
1665,10,O,140,1,1449,cs
1666,10,I,130,1,840,cs
1667,10,I,140,1,800,cs
1668,10,I,130,1,831,sc
1669,10,I,150,1,714,cs
1670,10,O,60,0,796,sc
1671,10,I,90,0,1878,cs
1672,10,I,130,1,710,cs
1673,10,O,90,0,930,cs
1674,10,I,120,1,1063,sc
1675,10,O,90,0,1201,cs
1676,10,O,130,1,3706,cs
1677,10,I,120,1,748,cs
1678,10,I,60,0,908,cs
1679,10,I,100,0,2372,cs
1680,10,O,150,1,1025,sc
1681,10,I,120,1,1128,cs
1682,10,I,110,1,1448,cs
1683,10,O,140,0,1338,cs
1684,10,O,70,0,967,sc
1685,10,I,80,0,1580,sc
1686,10,I,60,0,894,cs
1687,10,I,80,0,1250,sc
1688,10,I,80,0,1780,sc
1689,10,O,150,1,1805,cs
1690,10,O,90,0,975,sc
1691,10,I,90,1,2142,cs
1692,10,O,130,1,1172,sc
1693,10,I,150,1,991,cs
1694,10,I,110,1,1958,cs
1695,10,O,120,1,2862,cs
1696,10,O,150,1,713,cs
1697,10,O,120,0,1343,cs
1698,10,O,90,0,1420,sc
1699,10,O,150,1,1138,sc
1700,10,I,100,1,1193,sc
1701,10,I,120,1,2155,sc
1702,10,O,70,0,1461,cs
1703,10,O,110,0,7318,cs
1704,10,O,130,1,2489,cs
1705,10,O,140,1,854,sc
1706,10,I,80,0,938,sc
1707,10,O,150,1,975,cs
1708,10,O,100,0,954,sc
1709,10,I,90,1,1162,sc
1710,10,O,120,0,1701,cs
1711,10,O,60,0,680,cs
1712,10,I,130,1,1101,sc
1713,10,I,90,1,1846,cs
1714,10,I,80,0,2032,cs
1715,10,I,100,1,877,sc
1716,10,O,100,0,1422,sc
1717,10,I,70,0,1117,cs
1718,10,I,60,0,944,sc
1719,10,I,50,0,807,cs
1720,10,O,60,0,808,cs
1721,10,I,70,0,848,sc
1722,10,I,50,0,756,cs
1723,10,O,140,1,1269,sc
1724,10,O,80,0,842,cs
1725,10,I,120,1,763,cs
1726,10,O,120,1,1374,sc
1727,10,I,70,0,857,sc
1728,10,I,110,1,1351,sc
1729,10,O,80,0,754,sc
1730,10,I,140,1,1110,cs
1731,10,I,110,1,1364,sc
1732,10,I,110,1,11567,sc
1733,10,O,130,1,949,sc
1734,10,O,50,0,708,cs
1735,10,O,50,0,1093,sc
1736,10,O,140,1,950,sc
1737,10,I,60,0,683,sc
1738,10,O,80,0,652,sc
1739,10,O,50,0,656,cs
1740,10,I,140,1,884,sc
1741,10,I,130,1,850,sc
1742,10,I,110,1,680,cs
1743,10,O,130,0,1490,cs
1744,10,I,140,1,785,sc
1745,10,O,90,0,1003,cs
1746,10,I,100,1,1960,sc
1747,10,O,90,0,606,sc
1748,10,O,60,0,639,sc
1749,10,I,70,0,851,cs
1750,10,I,50,0,654,cs
1751,10,O,100,0,1109,sc
1752,10,I,60,0,1710,cs
1753,10,O,110,0,2281,sc
1754,10,I,80,0,1459,cs
1755,10,I,80,0,783,cs
1756,10,I,150,1,720,cs
1757,10,O,70,0,716,cs
1758,10,O,140,1,914,sc
1759,10,O,70,0,841,sc
1760,10,O,120,0,1520,sc
1761,11,O,110,0,4624,sc
1762,11,I,130,1,656,sc
1763,11,O,70,0,601,sc
1764,11,I,130,1,708,cs
1765,11,O,100,0,1291,sc
1766,11,O,60,0,588,cs
1767,11,I,110,1,710,sc
1768,11,I,120,1,534,cs
1769,11,I,130,1,466,cs
1770,11,I,70,0,625,cs
1771,11,I,100,1,479,sc
1772,11,I,120,1,434,sc
1773,11,I,60,0,423,sc
1774,11,I,80,0,720,sc
1775,11,I,140,1,505,cs
1776,11,O,140,1,438,sc
1777,11,I,90,1,943,sc
1778,11,O,50,0,517,cs
1779,11,I,60,0,751,cs
1780,11,O,70,0,539,sc
1781,11,I,100,1,641,cs
1782,11,O,100,0,455,sc
1783,11,I,70,0,408,cs
1784,11,I,90,0,873,cs
1785,11,O,150,1,619,sc
1786,11,O,80,0,714,cs
1787,11,O,130,1,668,sc
1788,11,O,110,1,905,cs
1789,11,I,110,1,482,cs
1790,11,I,120,1,494,cs
1791,11,O,70,0,421,cs
1792,11,O,120,0,446,cs
1793,11,O,90,0,473,cs
1794,11,O,70,0,376,cs
1795,11,I,60,0,399,sc
1796,11,I,60,0,645,sc
1797,11,O,120,0,405,cs
1798,11,O,50,0,436,sc
1799,11,I,70,0,527,cs
1800,11,I,140,1,477,sc
1801,11,O,60,0,505,cs
1802,11,O,130,0,392,sc
1803,11,I,140,1,570,cs
1804,11,I,80,0,626,cs
1805,11,O,120,1,2168,sc
1806,11,I,70,0,636,sc
1807,11,O,80,0,404,cs
1808,11,I,110,1,709,cs
1809,11,O,110,0,474,sc
1810,11,I,140,1,426,sc
1811,11,I,50,0,518,sc
1812,11,I,90,0,355,sc
1813,11,I,130,1,366,sc
1814,11,O,110,0,356,cs
1815,11,I,100,1,909,sc
1816,11,I,60,0,398,sc
1817,11,I,110,1,534,cs
1818,11,O,130,1,534,cs
1819,11,O,130,1,388,cs
1820,11,O,70,0,396,sc
1821,11,I,140,1,366,sc
1822,11,O,140,0,360,sc
1823,11,O,50,0,414,sc
1824,11,I,140,1,404,sc
1825,11,I,140,1,360,cs
1826,11,O,90,0,383,sc
1827,11,O,70,0,325,sc
1828,11,I,130,1,464,sc
1829,11,I,140,1,386,cs
1830,11,O,60,0,376,sc
1831,11,I,70,0,356,sc
1832,11,O,120,0,465,sc
1833,11,O,60,0,404,sc
1834,11,I,80,0,402,sc
1835,11,O,60,0,410,sc
1836,11,I,70,0,380,cs
1837,11,I,120,1,466,sc
1838,11,O,50,0,357,sc
1839,11,I,50,0,342,sc
1840,11,I,110,1,435,sc
1841,11,O,120,0,384,sc
1842,11,O,100,1,468,cs
1843,11,I,110,1,793,sc
1844,11,O,120,0,445,sc
1845,11,I,100,1,386,cs
1846,11,O,130,1,418,cs
1847,11,I,100,1,424,cs
1848,11,O,150,1,384,cs
1849,11,I,130,1,395,cs
1850,11,I,90,1,447,sc
1851,11,I,100,1,597,sc
1852,11,O,140,1,678,sc
1853,11,I,50,0,681,cs
1854,11,O,100,1,627,cs
1855,11,I,150,1,411,sc
1856,11,O,140,1,366,cs
1857,11,O,90,0,375,sc
1858,11,O,60,0,425,cs
1859,11,I,150,1,384,cs
1860,11,I,150,1,363,sc
1861,11,I,120,1,509,sc
1862,11,O,70,0,699,cs
1863,11,I,50,0,623,cs
1864,11,O,100,0,365,sc
1865,11,I,150,1,327,cs
1866,11,I,80,0,639,cs
1867,11,I,110,1,538,sc
1868,11,O,60,0,396,cs
1869,11,O,90,0,496,cs
1870,11,O,150,1,363,cs
1871,11,O,140,1,342,cs
1872,11,I,130,1,354,sc
1873,11,I,50,0,368,cs
1874,11,I,90,0,698,cs
1875,11,I,90,0,361,sc
1876,11,I,70,0,390,sc
1877,11,O,110,0,366,sc
1878,11,O,50,0,371,cs
1879,11,O,100,0,557,cs
1880,11,O,140,1,642,sc
1881,11,I,130,1,443,cs
1882,11,O,120,0,812,cs
1883,11,O,80,0,691,cs
1884,11,O,130,1,550,cs
1885,11,O,100,0,334,sc
1886,11,O,80,0,345,sc
1887,11,O,90,0,819,cs
1888,11,O,150,1,453,sc
1889,11,O,140,1,661,cs
1890,11,I,80,0,406,sc
1891,11,I,80,0,402,cs
1892,11,I,90,1,309,cs
1893,11,I,120,0,273,sc
1894,11,O,80,0,424,sc
1895,11,O,50,0,341,sc
1896,11,I,110,1,579,cs
1897,11,I,150,1,393,cs
1898,11,O,140,1,499,cs
1899,11,O,80,0,371,sc
1900,11,I,50,0,496,sc
1901,11,I,150,1,415,cs
1902,11,O,130,0,478,sc
1903,11,I,120,1,505,cs
1904,11,O,110,0,527,sc
1905,11,I,70,0,570,sc
1906,11,O,110,1,456,cs
1907,11,O,120,1,418,cs
1908,11,O,90,0,362,sc
1909,11,I,80,0,637,cs
1910,11,O,80,1,364,sc
1911,11,O,150,1,473,cs
1912,11,O,60,0,364,sc
1913,11,O,110,0,662,cs
1914,11,O,50,0,528,cs
1915,11,I,100,1,801,sc
1916,11,I,90,1,376,cs
1917,11,O,50,0,428,cs
1918,11,O,90,0,367,sc
1919,11,I,60,0,423,cs
1920,11,O,70,0,443,cs
1921,11,I,50,0,742,sc
1922,11,I,120,1,411,cs
1923,11,I,100,1,347,cs
1924,11,I,150,1,446,sc
1925,11,O,130,0,434,sc
1926,11,O,90,0,506,cs
1927,11,I,50,0,441,cs
1928,11,O,80,0,523,cs
1929,11,O,100,0,458,cs
1930,11,I,60,0,588,cs
1931,11,I,60,0,486,cs
1932,11,O,150,1,346,cs
1933,11,O,150,1,405,sc
1934,11,O,150,1,454,sc
1935,11,I,80,0,632,sc
1936,11,I,150,1,396,sc
1937,12,I,110,1,787,sc
1938,12,O,100,0,2073,sc
1939,12,I,140,1,946,cs
1940,12,O,50,0,846,cs
1941,12,I,100,1,1724,cs
1942,12,I,140,1,840,sc
1943,12,O,150,1,1053,sc
1944,12,I,150,1,577,sc
1945,12,O,50,0,451,sc
1946,12,I,50,0,973,sc
1947,12,O,50,0,682,sc
1948,12,O,120,1,487,sc
1949,12,O,150,1,608,sc
1950,12,O,50,0,746,cs
1951,12,O,110,1,2111,sc
1952,12,I,150,1,536,sc
1953,12,O,130,1,1383,sc
1954,12,I,120,1,794,sc
1955,12,I,60,0,1103,cs
1956,12,I,90,1,1045,cs
1957,12,O,150,1,615,cs
1958,12,O,110,1,1107,cs
1959,12,O,110,1,1610,sc
1960,12,O,50,0,515,sc
1961,12,O,80,0,972,cs
1962,12,O,100,0,1122,sc
1963,12,O,130,1,952,cs
1964,12,I,50,0,1016,cs
1965,12,O,130,1,761,sc
1966,12,I,110,1,633,cs
1967,12,I,70,0,827,sc
1968,12,I,80,0,1367,cs
1969,12,O,70,0,702,cs
1970,12,O,140,1,537,cs
1971,12,I,110,1,655,cs
1972,12,O,90,0,786,cs
1973,12,I,100,1,912,cs
1974,12,I,130,1,536,cs
1975,12,O,50,0,514,cs
1976,12,I,120,1,571,sc
1977,12,O,110,1,2217,cs
1978,12,O,70,0,639,sc
1979,12,I,70,0,870,cs
1980,12,I,150,1,573,cs
1981,12,O,50,0,591,sc
1982,12,I,120,1,666,cs
1983,12,O,100,0,3259,sc
1984,12,I,140,1,620,sc
1985,12,I,90,1,713,sc
1986,12,I,90,0,1063,sc
1987,12,I,110,1,580,sc
1988,12,I,100,1,684,sc
1989,12,I,90,1,703,sc
1990,12,I,50,0,611,sc
1991,12,I,80,0,1091,sc
1992,12,O,90,0,727,sc
1993,12,I,50,0,494,cs
1994,12,O,120,1,801,sc
1995,12,I,140,1,644,sc
1996,12,I,140,1,468,cs
1997,12,O,110,1,815,sc
1998,12,I,130,1,520,cs
1999,12,I,50,0,452,cs
2000,12,I,130,1,542,cs
2001,12,O,90,0,533,sc
2002,12,I,70,0,677,sc
2003,12,I,120,0,394,cs
2004,12,I,150,1,602,cs
2005,12,I,60,0,707,sc
2006,12,O,90,0,618,sc
2007,12,I,80,1,1481,sc
2008,12,I,70,0,475,sc
2009,12,O,140,1,492,sc
2010,12,I,110,1,609,cs
2011,12,O,130,1,618,cs
2012,12,I,80,0,1093,cs
2013,12,O,80,0,497,sc
2014,12,O,60,0,492,cs
2015,12,I,130,1,502,cs
2016,12,O,60,0,523,sc
2017,12,O,80,0,420,cs
2018,12,I,60,0,868,sc
2019,12,I,140,1,636,cs
2020,12,I,60,0,569,cs
2021,12,I,60,0,408,sc
2022,12,I,70,0,529,sc
2023,12,I,90,1,1713,sc
2024,12,I,150,1,406,cs
2025,12,I,60,0,653,sc
2026,12,I,130,1,475,sc
2027,12,I,130,1,653,sc
2028,12,I,80,0,1054,sc
2029,12,O,140,1,756,sc
2030,12,I,130,1,435,sc
2031,12,I,80,0,773,sc
2032,12,O,150,1,499,sc
2033,12,I,120,1,484,cs
2034,12,O,80,0,547,sc
2035,12,O,150,1,546,cs
2036,12,O,90,0,471,cs
2037,12,I,50,0,520,cs
2038,12,I,90,0,490,cs
2039,12,O,140,0,451,sc
2040,12,O,150,1,591,cs
2041,12,O,70,0,561,cs
2042,12,O,80,0,524,sc
2043,12,I,140,1,481,sc
2044,12,I,100,1,538,cs
2045,12,O,50,0,582,cs
2046,12,I,100,0,2311,cs
2047,12,O,100,0,578,cs
2048,12,I,120,1,808,sc
2049,12,I,110,1,601,sc
2050,12,O,120,1,552,cs
2051,12,O,70,0,459,sc
2052,12,O,130,1,854,cs
2053,12,O,100,0,691,cs
2054,12,O,60,0,543,cs
2055,12,O,110,0,803,cs
2056,12,I,100,1,1243,sc
2057,12,O,130,1,1279,sc
2058,12,O,60,0,508,sc
2059,12,O,60,0,495,sc
2060,12,O,130,0,458,cs
2061,12,O,140,1,1136,cs
2062,12,O,120,1,1217,cs
2063,12,I,100,1,516,sc
2064,12,O,70,0,512,cs
2065,12,I,150,1,530,cs
2066,12,O,80,0,558,cs
2067,12,I,50,0,697,sc
2068,12,O,60,0,510,sc
2069,12,O,140,1,541,sc
2070,12,O,100,0,882,cs
2071,12,O,120,1,1111,cs
2072,12,I,100,1,1287,sc
2073,12,O,70,0,721,sc
2074,12,I,120,1,494,sc
2075,12,I,120,1,507,cs
2076,12,I,150,1,462,sc
2077,12,O,130,1,837,sc
2078,12,O,140,1,610,cs
2079,12,I,130,1,693,sc
2080,12,I,110,1,487,sc
2081,12,I,70,0,812,cs
2082,12,O,120,0,1249,sc
2083,12,O,80,0,727,sc
2084,12,O,110,0,1379,sc
2085,12,O,90,0,836,sc
2086,12,O,60,0,466,cs
2087,12,O,80,0,622,cs
2088,12,O,70,0,426,cs
2089,12,I,60,0,977,cs
2090,12,O,120,1,1107,sc
2091,12,I,110,1,590,cs
2092,12,O,120,1,665,cs
2093,12,I,150,1,453,sc
2094,12,I,90,1,500,cs
2095,12,I,80,0,518,cs
2096,12,O,150,1,1467,sc
2097,12,O,90,0,1010,cs
2098,12,O,70,0,612,sc
2099,12,I,70,0,977,cs
2100,12,O,60,0,611,cs
2101,12,O,150,1,556,cs
2102,12,I,60,0,883,cs
2103,12,O,100,0,923,cs
2104,12,O,100,0,582,sc
2105,12,O,110,0,1174,cs
2106,12,I,70,0,789,cs
2107,12,O,90,0,579,cs
2108,12,I,80,0,1371,cs
2109,12,I,90,0,555,cs
2110,12,O,140,1,863,cs
2111,12,I,50,0,590,sc
2112,12,I,140,1,800,cs
2113,13,I,120,1,1202,cs
2114,13,I,80,0,1440,sc
2115,13,O,50,0,687,cs
2116,13,I,90,1,682,cs
2117,13,I,90,0,2915,sc
2118,13,I,70,0,1260,cs
2119,13,O,70,0,1193,cs
2120,13,I,70,0,878,sc
2121,13,O,80,0,608,sc
2122,13,O,110,0,7100,sc
2123,13,I,150,1,968,sc
2124,13,O,130,1,1333,sc
2125,13,O,130,1,1440,sc
2126,13,I,130,1,754,sc
2127,13,O,50,0,601,sc
2128,13,O,80,0,552,sc
2129,13,I,120,1,1204,cs
2130,13,O,120,0,1655,sc
2131,13,I,80,0,1216,sc
2132,13,I,50,0,777,sc
2133,13,I,100,1,1272,sc
2134,13,I,60,0,659,sc
2135,13,O,50,0,705,cs
2136,13,I,140,1,676,sc
2137,13,O,120,1,711,cs
2138,13,I,90,0,2442,cs
2139,13,O,90,0,664,sc
2140,13,I,150,1,654,cs
2141,13,O,110,0,1193,cs
2142,13,O,50,0,676,sc
2143,13,O,120,1,1834,cs
2144,13,I,60,0,794,cs
2145,13,I,90,1,958,cs
2146,13,I,60,0,789,sc
2147,13,I,80,0,519,sc
2148,13,I,100,1,1329,cs
2149,13,O,130,1,641,cs
2150,13,O,50,0,608,cs
2151,13,O,100,0,1283,cs
2152,13,I,50,0,541,cs
2153,13,I,50,0,540,cs
2154,13,O,90,0,1340,cs
2155,13,I,60,0,935,cs
2156,13,I,100,1,1497,cs
2157,13,O,80,0,687,cs
2158,13,I,50,0,1103,sc
2159,13,O,140,1,1638,sc
2160,13,O,80,0,1115,sc
2161,13,O,120,0,597,sc
2162,13,O,60,0,631,sc
2163,13,O,100,0,878,cs
2164,13,O,110,0,765,cs
2165,13,O,60,0,631,cs
2166,13,I,150,1,878,sc
2167,13,O,70,0,822,cs
2168,13,I,110,1,563,cs
2169,13,I,70,0,1170,sc
2170,13,I,80,0,1126,cs
2171,13,I,50,0,597,sc
2172,13,O,100,0,2161,sc
2173,13,I,90,1,2149,sc
2174,13,O,70,0,597,sc
2175,13,O,120,1,1384,cs
2176,13,O,90,0,665,sc
2177,13,O,140,1,969,sc
2178,13,I,80,0,721,cs
2179,13,O,70,0,586,sc
2180,13,O,100,0,845,sc
2181,13,O,110,0,855,sc
2182,13,O,80,0,564,sc
2183,13,I,110,1,963,sc
2184,13,I,140,1,575,sc
2185,13,O,60,0,935,sc
2186,13,O,120,1,1305,sc
2187,13,O,80,0,1520,cs
2188,13,O,60,0,675,cs
2189,13,O,130,1,1407,cs
2190,13,O,90,0,1362,sc
2191,13,I,120,1,2441,sc
2192,13,O,90,0,710,sc
2193,13,O,120,1,4287,sc
2194,13,O,140,1,619,cs
2195,13,I,130,1,867,sc
2196,13,I,140,1,834,sc
2197,13,I,60,0,2521,cs
2198,13,I,90,0,1902,sc
2199,13,O,130,1,912,cs
2200,13,I,130,1,856,cs
2201,13,O,110,0,1024,sc
2202,13,I,90,1,2093,cs
2203,13,I,70,0,906,cs
2204,13,O,70,0,632,sc
2205,13,O,130,1,1587,sc
2206,13,I,120,1,642,cs
2207,13,I,150,1,664,sc
2208,13,O,150,1,608,cs
2209,13,O,150,1,671,sc
2210,13,I,120,1,821,sc
2211,13,O,130,1,642,cs
2212,13,O,50,0,619,sc
2213,13,O,140,1,924,cs
2214,13,I,60,0,856,cs
2215,13,I,110,1,677,cs
2216,13,O,90,0,945,cs
2217,13,I,100,1,1407,sc
2218,13,O,140,1,574,cs
2219,13,I,80,0,912,cs
2220,13,I,110,1,810,sc
2221,13,I,110,1,698,sc
2222,13,I,150,1,518,cs
2223,13,I,110,1,924,cs
2224,13,I,90,0,811,sc
2225,13,O,70,0,833,cs
2226,13,O,120,1,709,cs
2227,13,I,140,1,575,cs
2228,13,I,120,1,687,cs
2229,13,I,150,1,597,cs
2230,13,O,80,0,709,cs
2231,13,O,110,0,1110,cs
2232,13,O,130,1,2195,sc
2233,13,O,100,0,1125,sc
2234,13,I,130,1,946,sc
2235,13,I,130,1,743,sc
2236,13,I,110,1,1755,sc
2237,13,I,120,1,1081,sc
2238,13,O,60,0,728,cs
2239,13,O,50,0,1149,cs
2240,13,I,150,1,901,sc
2241,13,O,150,1,856,sc
2242,13,I,130,1,598,cs
2243,13,O,50,0,743,sc
2244,13,O,100,0,575,sc
2245,13,O,110,0,1869,cs
2246,13,O,90,0,676,cs
2247,13,O,150,1,732,cs
2248,13,I,100,1,1724,sc
2249,13,I,70,0,1328,sc
2250,13,O,60,0,2769,sc
2251,13,I,70,0,642,cs
2252,13,I,70,0,1429,sc
2253,13,I,120,1,1047,sc
2254,13,O,140,1,1395,sc
2255,13,O,100,1,923,cs
2256,13,I,140,1,710,cs
2257,13,I,140,1,833,sc
2258,13,I,50,0,620,cs
2259,13,I,60,0,597,sc
2260,13,O,60,0,687,sc
2261,13,I,140,1,845,cs
2262,13,I,80,0,1874,sc
2263,13,O,90,0,1036,cs
2264,13,I,60,0,586,sc
2265,13,I,100,1,1284,sc
2266,13,I,130,1,586,cs
2267,13,O,150,1,799,sc
2268,13,O,60,0,575,cs
2269,13,O,110,0,878,sc
2270,13,I,130,1,720,cs
2271,13,I,70,0,743,cs
2272,13,I,50,0,608,sc
2273,13,I,80,0,687,cs
2274,13,O,100,0,1530,cs
2275,13,I,110,1,912,cs
2276,13,O,140,1,743,sc
2277,13,O,140,1,586,cs
2278,13,O,150,1,552,cs
2279,13,I,50,0,586,cs
2280,13,O,80,0,574,cs
2281,13,O,150,1,755,sc
2282,13,I,140,1,553,cs
2283,13,I,100,1,597,cs
2284,13,O,70,0,574,cs
2285,13,O,70,0,709,sc
2286,13,I,150,1,469,cs
2287,13,I,100,1,676,cs
2288,13,O,150,1,529,cs
2289,14,O,50,0,1572,sc
2290,14,I,120,1,1406,cs
2291,14,O,120,1,1007,sc
2292,14,I,60,0,2427,cs
2293,14,O,140,1,1472,sc
2294,14,O,120,1,3560,cs
2295,14,I,80,1,2598,cs
2296,14,O,50,0,1684,sc
2297,14,O,120,0,1830,cs
2298,14,O,150,1,1171,sc
2299,14,O,150,1,911,cs
2300,14,O,80,0,1340,sc
2301,14,O,60,0,1064,cs
2302,14,O,110,1,2783,cs
2303,14,O,140,1,810,cs
2304,14,I,150,1,914,sc
2305,14,O,120,1,940,sc
2306,14,I,130,1,727,sc
2307,14,I,90,1,945,cs
2308,14,I,50,0,996,cs
2309,14,I,150,1,814,cs
2310,14,O,60,0,777,sc
2311,14,O,130,1,607,sc
2312,14,I,70,0,953,sc
2313,14,O,150,1,655,sc
2314,14,O,100,0,3692,sc
2315,14,O,110,1,1320,sc
2316,14,O,120,1,984,cs
2317,14,O,100,0,1191,cs
2318,14,I,150,1,848,sc
2319,14,O,120,1,1985,sc
2320,14,O,130,1,1377,sc
2321,14,I,120,1,1397,sc
2322,14,I,120,1,771,cs
2323,14,I,70,0,1085,sc
2324,14,I,140,1,843,cs
2325,14,O,50,0,1089,sc
2326,14,I,110,1,1154,sc
2327,14,I,120,1,603,sc
2328,14,I,110,1,601,cs
2329,14,I,70,0,1733,cs
2330,14,O,110,1,1677,sc
2331,14,I,150,1,548,cs
2332,14,I,100,0,1618,cs
2333,14,O,100,0,1741,sc
2334,14,O,70,0,1448,cs
2335,14,I,90,1,2943,sc
2336,14,O,100,0,833,sc
2337,14,I,100,1,1911,sc
2338,14,O,60,0,610,sc
2339,14,I,130,1,634,sc
2340,14,O,110,0,1008,sc
2341,14,I,150,1,600,sc
2342,14,I,80,0,1910,sc
2343,14,O,60,0,2179,cs
2344,14,I,90,1,2150,cs
2345,14,O,90,0,3847,cs
2346,14,O,110,0,2638,sc
2347,14,O,130,1,990,cs
2348,14,I,60,0,981,sc
2349,14,O,70,0,595,cs
2350,14,I,80,0,1073,sc
2351,14,I,80,0,2095,sc
2352,14,O,140,1,1044,cs
2353,14,I,140,1,536,sc
2354,14,I,90,0,1444,cs
2355,14,O,80,0,1174,cs
2356,14,I,70,0,1157,cs
2357,14,I,130,1,626,cs
2358,14,I,110,1,1064,sc
2359,14,O,50,0,990,cs
2360,14,I,140,1,793,sc
2361,14,I,100,1,1275,cs
2362,14,O,100,0,1370,cs
2363,14,I,140,1,636,cs
2364,14,I,130,1,662,sc
2365,14,I,60,0,993,cs
2366,14,O,110,1,1622,cs
2367,14,I,110,1,1305,cs
2368,14,I,70,0,2581,cs
2369,14,I,150,1,1945,sc
2370,14,I,130,1,504,cs
2371,14,I,50,0,845,cs
2372,14,I,50,0,883,sc
2373,14,I,100,1,739,sc
2374,14,O,80,0,1227,sc
2375,14,I,60,0,1196,cs
2376,14,O,70,0,931,sc
2377,14,O,80,0,790,cs
2378,14,O,70,0,997,sc
2379,14,I,130,1,835,cs
2380,14,O,50,0,1042,cs
2381,14,O,110,1,2313,cs
2382,14,O,70,0,839,cs
2383,14,O,70,0,717,sc
2384,14,O,130,1,923,cs
2385,14,O,150,1,500,cs
2386,14,I,50,0,953,sc
2387,14,O,80,0,766,sc
2388,14,I,80,0,1107,cs
2389,14,I,50,0,757,cs
2390,14,I,140,1,725,sc
2391,14,I,60,0,1209,sc
2392,14,I,60,0,724,sc
2393,14,I,110,1,833,sc
2394,14,I,140,1,601,cs
2395,14,I,70,0,991,sc
2396,14,O,60,0,491,cs
2397,14,I,110,1,761,cs
2398,14,I,130,1,602,cs
2399,14,I,110,1,549,sc
2400,14,O,90,0,779,sc
2401,14,O,60,0,521,sc
2402,14,I,80,0,1769,cs
2403,14,O,90,0,2313,cs
2404,14,I,90,0,2578,sc
2405,14,O,150,1,498,sc
2406,14,I,70,0,776,sc
2407,14,I,140,1,583,cs
2408,14,O,90,0,1163,sc
2409,14,O,90,0,611,sc
2410,14,O,110,0,1465,cs
2411,14,O,60,0,983,sc
2412,14,O,140,1,1048,cs
2413,14,I,100,1,632,sc
2414,14,O,80,0,546,sc
2415,14,O,140,1,2044,cs
2416,14,I,130,1,561,sc
2417,14,O,100,0,1223,sc
2418,14,I,120,1,549,cs
2419,14,O,80,0,742,cs
2420,14,I,60,0,880,cs
2421,14,I,100,1,1191,sc
2422,14,O,90,0,750,sc
2423,14,I,90,0,1204,sc
2424,14,O,140,1,505,sc
2425,14,O,50,0,1068,cs
2426,14,I,90,0,1211,sc
2427,14,O,70,0,1161,sc
2428,14,O,100,0,504,cs
2429,14,I,50,0,710,sc
2430,14,O,120,0,746,cs
2431,14,O,150,1,628,cs
2432,14,O,90,0,733,cs
2433,14,I,100,1,815,cs
2434,14,O,130,1,696,cs
2435,14,I,80,0,1120,cs
2436,14,I,50,0,604,cs
2437,14,I,70,0,734,cs
2438,14,O,90,0,688,cs
2439,14,O,120,1,1101,sc
2440,14,O,70,0,997,cs
2441,14,O,140,1,1290,sc
2442,14,I,100,1,1277,cs
2443,14,O,150,1,912,cs
2444,14,I,120,1,491,sc
2445,14,O,50,0,836,cs
2446,14,I,50,0,1058,sc
2447,14,I,80,0,1133,sc
2448,14,O,80,0,594,cs
2449,14,I,150,1,690,cs
2450,14,I,120,1,499,sc
2451,14,I,150,1,512,cs
2452,14,I,140,1,591,sc
2453,14,O,60,0,3138,cs
2454,14,O,130,1,1154,cs
2455,14,O,150,1,470,sc
2456,14,O,130,1,422,sc
2457,14,O,130,1,967,sc
2458,14,I,110,1,2186,cs
2459,14,O,50,0,925,sc
2460,14,I,90,0,1679,cs
2461,14,O,100,0,936,cs
2462,14,I,120,1,2508,cs
2463,14,I,60,0,1107,sc
2464,14,O,140,1,808,sc
2465,15,I,150,1,2357,sc
2466,15,O,70,0,1052,sc
2467,15,I,130,1,987,cs
2468,15,O,120,1,638,sc
2469,15,O,70,0,592,sc
2470,15,I,80,1,2699,cs
2471,15,O,70,0,1212,sc
2472,15,I,150,1,884,cs
2473,15,O,150,1,1254,cs
2474,15,I,140,1,949,sc
2475,15,I,110,1,509,cs
2476,15,I,100,1,642,sc
2477,15,O,60,0,687,cs
2478,15,I,140,1,550,cs
2479,15,I,140,1,441,sc
2480,15,O,140,1,826,sc
2481,15,O,100,0,1102,sc
2482,15,I,70,0,3049,sc
2483,15,I,120,1,771,sc
2484,15,O,90,0,729,sc
2485,15,I,110,1,740,sc
2486,15,O,90,0,600,sc
2487,15,I,70,0,708,sc
2488,15,O,110,0,1278,sc
2489,15,I,50,0,834,sc
2490,15,I,110,1,786,sc
2491,15,O,50,0,762,cs
2492,15,O,100,0,916,sc
2493,15,I,70,0,2387,sc
2494,15,I,60,0,1113,cs
2495,15,O,50,0,651,sc
2496,15,I,130,1,688,sc
2497,15,I,90,1,579,cs
2498,15,O,150,1,656,sc
2499,15,O,80,0,874,cs
2500,15,O,60,0,484,cs
2501,15,O,90,0,652,sc
2502,15,I,130,1,401,sc
2503,15,O,150,1,515,sc
2504,15,O,130,1,493,cs
2505,15,I,150,1,388,sc
2506,15,I,50,0,845,cs
2507,15,I,110,0,936,sc
2508,15,O,50,0,624,cs
2509,15,O,140,1,631,cs
2510,15,O,110,0,2405,cs
2511,15,I,80,0,1774,cs
2512,15,I,110,1,564,cs
2513,15,O,140,1,486,cs
2514,15,I,80,0,784,sc
2515,15,O,120,1,570,cs
2516,15,I,110,1,850,sc
2517,15,I,140,1,555,cs
2518,15,O,70,0,575,cs
2519,15,I,70,0,1307,cs
2520,15,I,50,0,565,cs
2521,15,I,140,1,611,sc
2522,15,I,60,0,788,cs
2523,15,O,70,0,698,sc
2524,15,I,90,0,1073,sc
2525,15,O,80,0,1967,sc
2526,15,I,50,0,3246,cs
2527,15,O,80,0,853,cs
2528,15,I,130,1,468,cs
2529,15,O,130,1,498,cs
2530,15,O,100,1,543,cs
2531,15,O,130,1,661,cs
2532,15,O,90,0,682,cs
2533,15,O,100,0,617,cs
2534,15,I,80,0,1580,sc
2535,15,I,150,1,558,cs
2536,15,I,120,1,614,cs
2537,15,O,60,0,559,cs
2538,15,I,120,1,574,sc
2539,15,O,110,0,1009,cs
2540,15,I,140,1,542,cs
2541,15,O,80,0,589,sc
2542,15,O,100,0,440,sc
2543,15,I,70,0,1005,cs
2544,15,I,50,0,467,cs
2545,15,O,130,1,1669,sc
2546,15,I,90,1,1005,cs
2547,15,I,120,1,414,cs
2548,15,O,50,0,478,cs
2549,15,I,150,1,589,sc
2550,15,I,60,0,823,sc
2551,15,O,110,0,597,sc
2552,15,I,80,1,2641,cs
2553,15,I,60,0,600,cs
2554,15,O,80,0,1088,cs
2555,15,O,150,1,1080,cs
2556,15,I,140,1,533,cs
2557,15,O,130,1,2178,sc
2558,15,I,60,0,569,sc
2559,15,O,50,0,613,cs
2560,15,I,80,0,1486,cs
2561,15,O,110,0,1735,cs
2562,15,I,90,1,2402,cs
2563,15,O,130,1,1034,sc
2564,15,I,130,1,616,cs
2565,15,O,120,1,1321,sc
2566,15,O,150,1,553,sc
2567,15,O,110,0,603,sc
2568,15,O,60,0,513,sc
2569,15,I,100,1,590,cs
2570,15,O,90,0,635,cs
2571,15,I,70,0,996,sc
2572,15,O,120,1,603,cs
2573,15,O,70,0,460,cs
2574,15,I,130,1,638,sc
2575,15,O,70,0,498,cs
2576,15,O,90,0,389,cs
2577,15,I,110,1,548,cs
2578,15,O,140,0,550,sc
2579,15,O,110,0,463,sc
2580,15,O,150,0,400,sc
2581,15,I,120,1,742,cs
2582,15,O,130,0,435,sc
2583,15,I,90,1,657,cs
2584,15,I,150,1,625,sc
2585,15,O,90,0,901,cs
2586,15,O,100,0,697,cs
2587,15,O,80,0,541,sc
2588,15,I,100,1,2225,sc
2589,15,O,150,1,1256,cs
2590,15,I,140,1,691,sc
2591,15,I,100,1,1052,cs
2592,15,O,120,1,731,cs
2593,15,I,120,1,474,sc
2594,15,O,50,0,511,sc
2595,15,O,80,0,570,sc
2596,15,I,50,0,1516,sc
2597,15,O,150,1,4025,cs
2598,15,I,60,0,747,cs
2599,15,I,130,1,638,cs
2600,15,I,110,1,542,cs
2601,15,I,70,0,626,cs
2602,15,I,100,1,876,sc
2603,15,I,150,1,584,cs
2604,15,O,120,1,704,sc
2605,15,O,140,1,506,cs
2606,15,O,80,0,659,cs
2607,15,I,120,1,595,sc
2608,15,I,100,1,608,cs
2609,15,O,60,0,812,cs
2610,15,I,50,0,12320,sc
2611,15,O,60,0,1927,sc
2612,15,O,120,1,586,cs
2613,15,I,90,1,749,sc
2614,15,O,140,1,441,sc
2615,15,I,50,0,628,sc
2616,15,I,60,0,477,sc
2617,15,O,130,1,8291,cs
2618,15,O,100,0,586,sc
2619,15,O,140,1,1203,sc
2620,15,I,150,1,407,cs
2621,15,O,60,0,524,sc
2622,15,O,70,0,686,cs
2623,15,O,90,0,547,sc
2624,15,O,60,0,538,sc
2625,15,O,110,0,760,cs
2626,15,O,140,1,556,cs
2627,15,I,70,0,638,cs
2628,15,I,100,1,528,cs
2629,15,I,80,0,726,sc
2630,15,I,90,0,394,sc
2631,15,I,130,1,537,sc
2632,15,O,50,0,441,sc
2633,15,I,90,1,494,sc
2634,15,O,100,0,686,cs
2635,15,O,50,0,644,sc
2636,15,I,80,0,730,sc
2637,15,I,120,1,1489,cs
2638,15,O,120,1,605,sc
2639,15,I,100,1,1367,sc
2640,15,I,60,0,518,sc
2641,16,O,70,0,1094,cs
2642,16,O,120,1,1413,sc
2643,16,I,60,0,1302,cs
2644,16,I,140,1,849,cs
2645,16,O,80,0,802,sc
2646,16,I,70,0,769,cs
2647,16,I,150,1,682,sc
2648,16,I,140,1,899,sc
2649,16,I,150,1,846,sc
2650,16,I,120,1,888,sc
2651,16,O,80,0,1240,cs
2652,16,O,100,0,2141,sc
2653,16,O,150,1,643,sc
2654,16,O,90,0,2185,sc
2655,16,I,140,1,606,sc
2656,16,I,90,0,988,cs
2657,16,O,70,0,716,cs
2658,16,O,50,0,886,cs
2659,16,O,80,0,956,sc
2660,16,I,110,1,2251,cs
2661,16,O,70,0,923,sc
2662,16,O,80,0,896,sc
2663,16,I,60,0,2185,sc
2664,16,I,130,1,774,cs
2665,16,O,60,0,564,cs
2666,16,O,90,0,756,cs
2667,16,I,150,1,813,cs
2668,16,I,130,1,845,sc
2669,16,O,50,0,657,sc
2670,16,O,110,1,4541,cs
2671,16,I,90,0,688,cs
2672,16,I,150,1,1316,sc
2673,16,I,100,0,1043,sc
2674,16,O,110,1,919,cs
2675,16,O,110,1,1147,sc
2676,16,O,60,0,615,sc
2677,16,O,140,1,974,sc
2678,16,O,120,1,1322,cs
2679,16,I,110,1,623,sc
2680,16,I,90,1,964,sc
2681,16,I,110,1,1463,cs
2682,16,I,90,1,957,sc
2683,16,O,90,0,811,cs
2684,16,O,50,0,661,cs
2685,16,O,150,1,1239,cs
2686,16,I,60,0,990,cs
2687,16,I,80,0,795,cs
2688,16,I,120,1,1233,sc
2689,16,I,80,0,1005,sc
2690,16,O,130,1,811,sc
2691,16,I,150,1,591,cs
2692,16,O,80,0,702,sc
2693,16,I,100,0,620,cs
2694,16,I,90,0,758,cs
2695,16,I,110,1,884,sc
2696,16,O,80,0,691,cs
2697,16,O,120,1,676,cs
2698,16,I,60,0,767,sc
2699,16,I,110,0,652,cs
2700,16,I,110,0,472,sc
2701,16,I,150,1,507,sc
2702,16,O,90,0,580,sc
2703,16,O,130,1,1021,cs
2704,16,O,130,1,541,sc
2705,16,O,120,0,934,cs
2706,16,I,140,1,652,sc
2707,16,O,110,0,1374,cs
2708,16,I,70,0,1438,sc
2709,16,O,70,0,780,sc
2710,16,I,80,1,1710,sc
2711,16,O,70,0,627,cs
2712,16,O,140,1,814,cs
2713,16,I,80,0,622,cs
2714,16,I,100,1,832,cs
2715,16,I,120,1,620,sc
2716,16,O,80,0,567,cs
2717,16,I,90,1,1094,cs
2718,16,O,90,0,510,cs
2719,16,I,70,0,1588,cs
2720,16,I,50,0,468,sc
2721,16,O,100,0,1077,cs
2722,16,I,100,1,724,sc
2723,16,I,140,1,661,sc
2724,16,I,60,0,629,cs
2725,16,I,80,0,509,cs
2726,16,O,140,1,679,cs
2727,16,O,90,0,777,sc
2728,16,O,50,0,586,sc
2729,16,O,150,1,816,cs
2730,16,O,150,1,668,sc
2731,16,O,140,1,782,sc
2732,16,I,120,1,646,cs
2733,16,I,130,1,621,cs
2734,16,O,50,0,1638,cs
2735,16,O,60,0,646,cs
2736,16,I,130,1,686,sc
2737,16,O,60,0,573,sc
2738,16,I,50,0,662,sc
2739,16,I,100,1,829,cs
2740,16,O,100,0,749,cs
2741,16,O,150,1,621,cs
2742,16,O,110,1,1412,sc
2743,16,O,50,0,639,sc
2744,16,O,70,0,1094,sc
2745,16,I,80,0,558,cs
2746,16,O,120,1,1709,sc
2747,16,I,70,0,1320,sc
2748,16,O,110,0,610,cs
2749,16,I,120,1,766,cs
2750,16,O,120,1,719,sc
2751,16,O,110,1,686,sc
2752,16,O,100,0,772,sc
2753,16,O,70,0,638,sc
2754,16,I,50,0,1227,cs
2755,16,I,90,0,1342,sc
2756,16,O,120,1,485,sc
2757,16,O,100,0,639,sc
2758,16,O,60,0,493,sc
2759,16,O,50,0,518,cs
2760,16,O,140,1,1086,sc
2761,16,I,130,1,678,sc
2762,16,O,130,1,2078,sc
2763,16,O,150,1,789,sc
2764,16,O,90,0,924,cs
2765,16,I,70,0,937,cs
2766,16,O,70,0,637,cs
2767,16,I,140,1,722,cs
2768,16,O,90,0,822,sc
2769,16,O,130,1,766,cs
2770,16,I,60,0,1567,sc
2771,16,I,130,1,1150,cs
2772,16,I,50,0,582,cs
2773,16,I,70,0,998,sc
2774,16,I,130,1,629,sc
2775,16,I,120,1,910,cs
2776,16,I,50,0,558,cs
2777,16,I,150,1,725,cs
2778,16,O,120,0,1549,cs
2779,16,I,50,0,950,sc
2780,16,I,120,1,701,cs
2781,16,I,70,0,927,sc
2782,16,O,150,1,500,sc
2783,16,O,140,1,602,cs
2784,16,O,130,1,823,cs
2785,16,I,120,1,666,sc
2786,16,I,50,0,990,cs
2787,16,I,70,0,590,cs
2788,16,I,60,0,701,sc
2789,16,I,110,1,814,cs
2790,16,I,100,1,955,sc
2791,16,I,130,1,766,cs
2792,16,O,130,1,1350,cs
2793,16,I,80,1,1046,sc
2794,16,O,60,1,859,cs
2795,16,I,100,1,1702,sc
2796,16,O,150,1,630,cs
2797,16,I,140,1,538,cs
2798,16,O,110,1,1206,sc
2799,16,O,60,0,727,cs
2800,16,O,140,0,774,cs
2801,16,I,110,1,1726,sc
2802,16,I,90,1,1926,sc
2803,16,O,130,1,1791,sc
2804,16,O,50,0,574,sc
2805,16,O,100,0,1968,sc
2806,16,O,140,1,805,sc
2807,16,O,100,0,774,cs
2808,16,I,140,1,662,cs
2809,16,I,60,0,630,cs
2810,16,I,80,0,958,sc
2811,16,I,50,0,542,sc
2812,16,O,60,0,766,sc
2813,16,I,150,1,764,cs
2814,16,I,100,1,2222,cs
2815,16,O,100,1,1310,cs
2816,16,O,80,0,950,cs
2817,17,I,110,1,2139,cs
2818,17,O,140,1,1309,sc
2819,17,I,50,0,1219,cs
2820,17,I,130,1,1833,sc
2821,17,O,60,0,2065,cs
2822,17,I,80,0,2341,sc
2823,17,I,80,0,2575,cs
2824,17,I,130,1,740,cs
2825,17,I,120,1,1476,cs
2826,17,I,140,1,789,cs
2827,17,O,100,0,1288,sc
2828,17,O,90,0,2031,cs
2829,17,I,50,0,895,sc
2830,17,I,150,1,1058,cs
2831,17,I,60,0,1416,cs
2832,17,O,110,1,1859,cs
2833,17,I,120,1,1362,sc
2834,17,O,100,0,1399,sc
2835,17,I,50,0,802,cs
2836,17,O,150,1,903,sc
2837,17,I,110,0,2029,sc
2838,17,I,100,1,2095,sc
2839,17,I,130,1,737,sc
2840,17,O,140,1,985,sc
2841,17,O,100,0,1629,cs
2842,17,I,90,1,1142,sc
2843,17,O,110,0,865,sc
2844,17,I,90,0,1895,sc
2845,17,O,130,1,1384,sc
2846,17,O,120,1,2793,sc
2847,17,I,150,1,571,cs
2848,17,I,130,1,1217,cs
2849,17,I,50,0,953,sc
2850,17,O,150,1,1449,cs
2851,17,O,150,1,1418,cs
2852,17,O,60,0,1286,sc
2853,17,I,60,0,831,cs
2854,17,O,140,1,1343,sc
2855,17,O,90,0,829,sc
2856,17,I,70,0,748,cs
2857,17,I,80,0,966,sc
2858,17,I,100,1,2090,sc
2859,17,I,70,0,788,cs
2860,17,O,90,0,776,sc
2861,17,I,100,1,991,sc
2862,17,I,150,1,603,sc
2863,17,O,140,1,681,cs
2864,17,I,60,0,1104,sc
2865,17,I,90,1,2361,cs
2866,17,I,60,0,840,sc
2867,17,I,70,0,888,sc
2868,17,O,80,0,835,cs
2869,17,I,150,1,539,cs
2870,17,O,100,0,733,cs
2871,17,O,140,1,1228,cs
2872,17,O,80,0,827,cs
2873,17,O,150,1,525,cs
2874,17,O,70,0,416,sc
2875,17,O,80,0,612,cs
2876,17,I,120,1,686,cs
2877,17,I,60,0,584,cs
2878,17,I,90,1,2107,sc
2879,17,O,50,0,514,sc
2880,17,O,110,1,1559,cs
2881,17,I,90,0,2666,cs
2882,17,O,150,1,577,cs
2883,17,O,80,0,2139,sc
2884,17,O,120,1,1629,cs
2885,17,O,130,1,695,sc
2886,17,I,50,0,637,sc
2887,17,I,60,0,889,sc
2888,17,O,70,0,1267,cs
2889,17,I,130,1,604,sc
2890,17,I,80,0,1729,cs
2891,17,O,80,0,567,sc
2892,17,O,120,1,842,cs
2893,17,I,80,0,747,cs
2894,17,I,120,1,958,sc
2895,17,O,90,0,749,cs
2896,17,O,120,1,637,cs
2897,17,O,70,0,705,cs
2898,17,O,100,0,3400,cs
2899,17,I,110,1,714,cs
2900,17,O,140,1,655,cs
2901,17,O,50,0,538,cs
2902,17,I,130,1,583,cs
2903,17,O,70,0,596,cs
2904,17,O,50,0,689,sc
2905,17,O,70,0,724,sc
2906,17,I,140,1,644,cs
2907,17,I,130,1,569,sc
2908,17,I,100,1,1212,cs
2909,17,O,110,0,1747,sc
2910,17,O,70,0,584,sc
2911,17,O,130,1,1357,cs
2912,17,O,100,0,891,cs
2913,17,O,60,0,587,cs
2914,17,O,60,0,666,sc
2915,17,I,150,1,807,sc
2916,17,I,60,0,581,sc
2917,17,O,120,1,2322,sc
2918,17,O,150,1,633,sc
2919,17,O,60,0,656,sc
2920,17,O,130,1,2442,sc
2921,17,I,140,1,1062,sc
2922,17,O,80,0,506,sc
2923,17,O,50,0,575,sc
2924,17,O,80,0,1543,sc
2925,17,I,140,1,1841,sc
2926,17,I,140,1,656,cs
2927,17,O,100,0,1362,sc
2928,17,I,120,1,2457,cs
2929,17,O,110,0,3533,sc
2930,17,I,130,1,981,cs
2931,17,O,140,1,1034,sc
2932,17,O,60,0,860,cs
2933,17,O,110,0,3202,cs
2934,17,O,60,0,1361,cs
2935,17,O,130,1,2328,cs
2936,17,I,110,1,1434,cs
2937,17,O,150,1,987,sc
2938,17,I,100,1,2029,cs
2939,17,O,70,0,671,cs
2940,17,I,70,0,713,sc
2941,17,O,120,0,3550,cs
2942,17,I,90,0,2596,sc
2943,17,I,50,0,598,cs
2944,17,I,80,0,1558,cs
2945,17,O,150,1,615,sc
2946,17,O,130,1,595,cs
2947,17,I,150,1,653,sc
2948,17,O,50,0,594,sc
2949,17,O,120,0,3231,sc
2950,17,I,50,0,538,sc
2951,17,I,110,1,658,cs
2952,17,O,90,0,1295,cs
2953,17,I,70,0,1940,cs
2954,17,I,110,0,1906,sc
2955,17,O,130,0,1241,cs
2956,17,I,70,0,838,cs
2957,17,I,150,1,557,cs
2958,17,I,100,1,2122,cs
2959,17,O,90,0,735,cs
2960,17,I,80,0,773,sc
2961,17,I,110,0,2375,sc
2962,17,I,90,1,2359,cs
2963,17,O,110,0,1470,sc
2964,17,I,80,0,2597,sc
2965,17,O,80,0,518,cs
2966,17,I,90,1,895,cs
2967,17,O,90,0,978,sc
2968,17,I,120,1,611,sc
2969,17,I,120,1,679,cs
2970,17,I,110,1,1693,sc
2971,17,O,90,0,748,sc
2972,17,O,110,0,1661,cs
2973,17,I,140,1,685,sc
2974,17,O,70,0,589,sc
2975,17,I,100,1,2062,sc
2976,17,I,140,1,656,sc
2977,17,O,120,1,1317,sc
2978,17,O,50,0,1048,cs
2979,17,I,50,0,897,cs
2980,17,I,120,1,1303,sc
2981,17,I,140,1,828,cs
2982,17,I,60,0,780,cs
2983,17,O,50,0,666,cs
2984,17,O,140,1,836,cs
2985,17,I,100,1,1606,cs
2986,17,I,70,0,1812,sc
2987,17,I,150,1,1088,sc
2988,17,O,130,0,2293,sc
2989,17,I,70,0,981,sc
2990,17,O,100,0,1751,sc
2991,17,O,50,0,676,cs
2992,17,O,60,0,605,sc
2993,18,O,120,1,7005,sc
2994,18,I,120,1,1025,sc
2995,18,I,70,0,2612,sc
2996,18,I,100,1,1213,sc
2997,18,I,110,1,1245,sc
2998,18,O,110,0,2959,cs
2999,18,O,130,1,2432,cs
3000,18,I,60,0,2857,sc
3001,18,I,120,1,1606,cs
3002,18,O,70,0,1519,sc
3003,18,O,130,1,946,sc
3004,18,O,150,1,621,cs
3005,18,I,60,0,1346,sc
3006,18,I,130,1,733,cs
3007,18,O,100,0,631,cs
3008,18,I,90,1,3261,cs
3009,18,O,90,0,5890,sc
3010,18,O,120,1,1880,sc
3011,18,I,110,1,4237,cs
3012,18,I,90,1,2219,sc
3013,18,I,80,0,1884,cs
3014,18,I,50,0,840,cs
3015,18,O,100,0,1793,cs
3016,18,I,80,1,2702,sc
3017,18,O,150,1,952,cs
3018,18,I,130,1,1058,sc
3019,18,I,70,0,2996,cs
3020,18,I,80,0,2868,sc
3021,18,I,110,1,1067,sc
3022,18,O,80,0,888,sc
3023,18,I,100,1,879,sc
3024,18,I,140,1,608,cs
3025,18,I,90,1,2591,sc
3026,18,I,100,1,757,sc
3027,18,O,80,0,822,cs
3028,18,O,70,0,571,sc
3029,18,O,150,1,1430,cs
3030,18,O,120,1,2048,cs
3031,18,O,60,0,657,sc
3032,18,O,130,1,1500,sc
3033,18,O,50,0,518,sc
3034,18,O,150,1,1067,sc
3035,18,I,50,0,968,cs
3036,18,O,140,1,2147,sc
3037,18,I,50,0,781,sc
3038,18,I,70,0,1547,sc
3039,18,I,80,1,4198,sc
3040,18,O,60,0,671,cs
3041,18,I,130,1,692,sc
3042,18,O,90,0,744,cs
3043,18,I,140,1,721,sc
3044,18,I,150,1,704,cs
3045,18,I,150,1,633,sc
3046,18,O,110,0,2311,sc
3047,18,I,130,1,760,sc
3048,18,I,150,1,648,cs
3049,18,I,70,0,759,sc
3050,18,I,140,1,606,cs
3051,18,O,140,1,944,sc
3052,18,O,140,1,1002,cs
3053,18,O,70,0,584,cs
3054,18,O,110,0,959,cs
3055,18,O,140,1,587,cs
3056,18,O,120,0,2098,cs
3057,18,O,140,1,842,sc
3058,18,O,100,0,1648,cs
3059,18,I,50,0,1060,sc
3060,18,O,50,0,575,cs
3061,18,I,80,1,2594,cs
3062,18,O,80,0,511,sc
3063,18,I,60,0,747,sc
3064,18,O,110,0,1015,sc
3065,18,O,50,0,589,cs
3066,18,I,60,0,728,cs
3067,18,I,90,1,2398,sc
3068,18,O,130,0,1523,cs
3069,18,O,140,1,1171,sc
3070,18,O,50,0,564,cs
3071,18,O,80,0,595,sc
3072,18,I,100,1,936,cs
3073,18,O,110,0,6153,sc
3074,18,O,150,1,1341,sc
3075,18,I,130,1,661,cs
3076,18,I,60,0,992,cs
3077,18,I,110,1,806,cs
3078,18,O,60,0,603,cs
3079,18,O,150,1,890,cs
3080,18,I,80,0,1164,sc
3081,18,I,130,1,687,cs
3082,18,I,140,1,675,sc
3083,18,O,140,1,469,cs
3084,18,O,90,0,769,cs
3085,18,I,50,0,570,sc
3086,18,O,100,0,716,sc
3087,18,I,110,1,687,cs
3088,18,I,50,0,553,cs
3089,18,I,60,0,1191,cs
3090,18,I,50,0,703,sc
3091,18,O,130,1,1977,cs
3092,18,O,60,0,600,sc
3093,18,O,110,0,2724,cs
3094,18,I,150,1,634,sc
3095,18,I,150,1,572,sc
3096,18,O,120,0,780,sc
3097,18,I,110,1,812,sc
3098,18,I,100,1,623,cs
3099,18,I,120,1,525,sc
3100,18,I,120,1,651,cs
3101,18,O,50,0,500,sc
3102,18,I,60,0,1094,cs
3103,18,I,110,1,1020,cs
3104,18,O,80,0,812,cs
3105,18,I,150,1,872,cs
3106,18,O,90,0,1014,sc
3107,18,O,90,0,1123,sc
3108,18,O,100,0,1102,cs
3109,18,O,120,0,1528,cs
3110,18,O,110,0,3470,sc
3111,18,O,70,0,630,cs
3112,18,I,140,1,826,sc
3113,18,I,80,1,2430,cs
3114,18,O,50,0,613,cs
3115,18,O,150,1,754,sc
3116,18,I,70,0,2216,cs
3117,18,O,70,0,547,sc
3118,18,I,150,1,657,sc
3119,18,I,70,0,2804,sc
3120,18,O,120,0,1073,sc
3121,18,I,100,1,1266,cs
3122,18,I,70,0,763,cs
3123,18,O,100,0,644,sc
3124,18,O,60,0,441,sc
3125,18,O,50,0,437,sc
3126,18,O,80,0,686,sc
3127,18,O,70,0,923,cs
3128,18,O,130,1,2989,cs
3129,18,O,80,0,1034,cs
3130,18,I,120,1,834,sc
3131,18,O,80,0,770,cs
3132,18,O,60,0,643,cs
3133,18,I,150,1,694,cs
3134,18,O,150,1,1550,sc
3135,18,I,100,1,1049,cs
3136,18,I,140,1,1360,sc
3137,18,I,120,1,2144,cs
3138,18,O,70,0,765,sc
3139,18,I,90,1,1846,cs
3140,18,O,100,0,1562,sc
3141,18,O,130,1,1328,sc
3142,18,I,80,0,1788,cs
3143,18,I,90,1,647,cs
3144,18,O,110,0,1740,cs
3145,18,O,50,0,472,sc
3146,18,I,90,0,2318,cs
3147,18,O,60,0,756,cs
3148,18,I,120,1,1034,cs
3149,18,I,140,1,496,cs
3150,18,I,120,1,759,sc
3151,18,O,90,0,848,cs
3152,18,I,50,0,855,cs
3153,18,O,90,0,1378,cs
3154,18,O,70,0,625,cs
3155,18,I,130,1,895,cs
3156,18,O,100,0,1181,sc
3157,18,I,90,1,2386,sc
3158,18,O,120,1,4960,cs
3159,18,O,140,1,588,cs
3160,18,I,100,1,916,sc
3161,18,O,60,0,494,sc
3162,18,I,60,0,818,sc
3163,18,I,130,1,768,sc
3164,18,O,90,0,488,sc
3165,18,I,70,0,952,cs
3166,18,I,140,1,643,cs
3167,18,O,130,1,2079,sc
3168,18,I,110,1,1440,sc
3169,19,I,90,1,2252,sc
3170,19,O,150,1,987,sc
3171,19,O,100,0,6020,sc
3172,19,I,150,1,733,cs
3173,19,O,150,1,717,sc
3174,19,I,50,0,1441,sc
3175,19,I,150,1,654,sc
3176,19,I,60,0,3321,cs
3177,19,I,50,0,848,sc
3178,19,O,140,1,816,sc
3179,19,O,150,1,1021,cs
3180,19,O,70,0,667,cs
3181,19,I,130,1,623,cs
3182,19,I,80,0,1245,sc
3183,19,I,120,1,2183,cs
3184,19,O,150,1,990,cs
3185,19,O,100,0,2427,sc
3186,19,I,130,1,552,sc
3187,19,O,60,0,829,cs
3188,19,I,140,1,1023,sc
3189,19,O,130,1,3861,cs
3190,19,O,120,1,1680,sc
3191,19,I,90,1,1353,cs
3192,19,O,50,0,785,cs
3193,19,I,140,1,803,sc
3194,19,O,140,1,1050,sc
3195,19,O,70,0,1151,cs
3196,19,O,130,1,1463,cs
3197,19,I,100,1,1830,cs
3198,19,O,140,1,601,cs
3199,19,O,130,0,1841,cs
3200,19,I,120,1,1383,cs
3201,19,I,70,0,919,sc
3202,19,I,50,0,760,sc
3203,19,O,60,0,606,cs
3204,19,I,140,1,654,sc
3205,19,I,80,1,2143,cs
3206,19,O,70,0,1146,sc
3207,19,O,110,0,987,cs
3208,19,I,120,1,879,sc
3209,19,I,70,0,950,cs
3210,19,I,70,0,908,sc
3211,19,I,110,1,1322,sc
3212,19,I,80,0,3039,sc
3213,19,O,60,0,699,cs
3214,19,O,140,1,820,cs
3215,19,O,90,0,2706,cs
3216,19,I,150,1,675,sc
3217,19,O,70,0,950,sc
3218,19,O,100,0,849,cs
3219,19,I,140,1,660,cs
3220,19,I,120,1,747,cs
3221,19,O,120,1,3466,cs
3222,19,O,70,0,907,sc
3223,19,I,90,1,7803,sc
3224,19,O,90,0,775,cs
3225,19,O,130,1,961,sc
3226,19,I,100,1,4449,sc
3227,19,I,60,0,633,cs
3228,19,I,130,1,690,cs
3229,19,O,150,1,721,sc
3230,19,I,60,0,900,sc
3231,19,I,140,1,697,sc
3232,19,I,120,1,1048,sc
3233,19,O,140,1,739,cs
3234,19,I,110,1,1529,sc
3235,19,I,140,1,560,cs
3236,19,O,50,0,619,cs
3237,19,I,80,0,1367,sc
3238,19,O,90,0,816,sc
3239,19,O,130,1,649,sc
3240,19,I,110,1,1403,cs
3241,19,O,90,0,720,cs
3242,19,I,60,0,1144,sc
3243,19,I,50,0,824,cs
3244,19,O,140,1,2697,sc
3245,19,O,110,1,1323,cs
3246,19,O,80,0,580,cs
3247,19,O,90,0,689,sc
3248,19,I,120,1,707,sc
3249,19,I,100,1,3852,cs
3250,19,O,60,0,658,sc
3251,19,I,60,0,709,cs
3252,19,O,140,1,1995,sc
3253,19,I,50,0,1864,cs
3254,19,I,90,1,1282,cs
3255,19,O,50,0,565,sc
3256,19,O,80,0,593,sc
3257,19,I,110,1,1665,cs
3258,19,O,120,1,2975,sc
3259,19,I,70,0,1056,sc
3260,19,I,100,1,2839,cs
3261,19,O,140,1,599,cs
3262,19,I,70,0,2123,sc
3263,19,O,90,0,930,sc
3264,19,I,90,1,5099,cs
3265,19,O,80,0,860,cs
3266,19,I,110,1,896,cs
3267,19,O,70,0,620,sc
3268,19,I,100,1,1066,sc
3269,19,O,110,1,3609,cs
3270,19,O,120,1,2172,sc
3271,19,I,70,0,1678,cs
3272,19,I,60,0,771,sc
3273,19,I,90,0,1371,sc
3274,19,O,120,0,2811,cs
3275,19,I,150,1,608,cs
3276,19,O,100,0,1012,cs
3277,19,I,100,1,4698,sc
3278,19,I,50,0,761,cs
3279,19,O,80,0,699,cs
3280,19,O,80,0,754,sc
3281,19,O,100,0,745,sc
3282,19,I,110,1,1514,sc
3283,19,I,110,1,727,cs
3284,19,I,140,1,635,cs
3285,19,O,120,1,2525,sc
3286,19,I,120,1,1628,sc
3287,19,O,120,1,2602,cs
3288,19,O,100,0,1197,cs
3289,19,O,100,0,821,sc
3290,19,I,70,0,2486,cs
3291,19,I,70,0,1092,cs
3292,19,O,130,0,1861,sc
3293,19,I,130,1,619,cs
3294,19,I,50,0,696,cs
3295,19,O,90,0,550,sc
3296,19,O,70,0,518,cs
3297,19,I,150,1,790,sc
3298,19,O,80,0,1724,cs
3299,19,O,60,0,554,sc
3300,19,O,60,0,596,sc
3301,19,O,110,1,4126,sc
3302,19,O,50,0,546,cs
3303,19,I,50,0,985,sc
3304,19,O,50,0,530,sc
3305,19,O,60,0,563,sc
3306,19,I,130,1,762,sc
3307,19,O,150,1,603,cs
3308,19,I,80,0,2912,cs
3309,19,I,130,1,665,sc
3310,19,O,80,0,1275,sc
3311,19,O,110,0,638,cs
3312,19,I,100,1,1526,cs
3313,19,I,140,1,494,cs
3314,19,O,130,1,1213,sc
3315,19,I,150,1,553,sc
3316,19,I,90,0,2662,sc
3317,19,O,150,1,1028,sc
3318,19,O,130,1,1225,cs
3319,19,O,50,0,680,sc
3320,19,I,60,0,1731,sc
3321,19,I,80,0,2844,sc
3322,19,O,110,0,1418,sc
3323,19,O,110,0,875,sc
3324,19,I,100,1,2777,sc
3325,19,O,50,0,571,sc
3326,19,O,120,1,2663,cs
3327,19,I,150,1,607,cs
3328,19,O,90,0,951,cs
3329,19,O,110,1,4077,sc
3330,19,I,150,1,570,cs
3331,19,O,50,0,571,cs
3332,19,I,80,0,7330,cs
3333,19,I,130,1,566,cs
3334,19,I,80,0,806,cs
3335,19,O,70,0,569,cs
3336,19,O,80,0,472,sc
3337,19,O,150,1,1328,cs
3338,19,O,100,0,969,cs
3339,19,I,110,1,700,sc
3340,19,I,60,0,684,cs
3341,19,O,60,0,495,cs
3342,19,I,130,1,1141,sc
3343,19,I,90,1,1342,cs
3344,19,I,120,1,556,cs
3345,20,I,130,1,888,sc
3346,20,I,60,0,1056,sc
3347,20,O,80,0,2550,cs
3348,20,O,110,0,1358,cs
3349,20,O,150,1,1387,sc
3350,20,O,130,1,1029,sc
3351,20,O,140,1,761,cs
3352,20,I,120,1,1515,cs
3353,20,I,140,1,768,sc
3354,20,O,120,1,1437,sc
3355,20,I,120,1,698,cs
3356,20,O,60,0,687,cs
3357,20,O,90,0,857,cs
3358,20,I,110,1,1549,sc
3359,20,O,110,1,2129,cs
3360,20,O,80,0,665,cs
3361,20,O,130,0,1508,cs
3362,20,I,70,0,1018,sc
3363,20,I,90,0,1046,cs
3364,20,O,110,0,948,sc
3365,20,O,50,0,668,cs
3366,20,O,110,0,826,sc
3367,20,O,120,0,857,sc
3368,20,I,50,0,739,sc
3369,20,O,150,1,1197,cs
3370,20,O,50,0,908,cs
3371,20,I,150,1,779,cs
3372,20,O,80,0,1059,sc
3373,20,O,70,0,768,sc
3374,20,O,60,0,719,cs
3375,20,I,100,1,1608,cs
3376,20,I,60,0,677,cs
3377,20,O,50,0,619,cs
3378,20,I,50,0,586,sc
3379,20,O,50,0,530,sc
3380,20,O,80,0,566,cs
3381,20,O,90,0,807,cs
3382,20,O,140,1,1229,cs
3383,20,I,50,0,909,cs
3384,20,O,60,0,788,sc
3385,20,I,50,0,807,sc
3386,20,O,150,1,1308,cs
3387,20,O,130,1,707,sc
3388,20,I,120,1,2127,cs
3389,20,O,150,1,598,cs
3390,20,O,120,1,737,sc
3391,20,I,110,0,1228,cs
3392,20,O,60,0,719,sc
3393,20,O,100,0,567,cs
3394,20,O,140,1,806,cs
3395,20,I,130,1,1311,cs
3396,20,O,130,0,1176,cs
3397,20,O,120,0,700,cs
3398,20,O,140,1,707,sc
3399,20,O,130,1,2007,cs
3400,20,I,80,0,929,sc
3401,20,I,110,1,1059,sc
3402,20,O,80,0,798,cs
3403,20,O,130,0,666,sc
3404,20,I,130,1,768,cs
3405,20,I,150,1,629,sc
3406,20,O,120,1,668,cs
3407,20,I,110,0,1557,cs
3408,20,I,150,1,907,sc
3409,20,I,50,0,629,cs
3410,20,I,90,0,615,cs
3411,20,I,70,0,538,cs
3412,20,I,70,0,617,sc
3413,20,O,100,0,1269,cs
3414,20,I,140,1,770,cs
3415,20,I,60,0,920,sc
3416,20,O,90,0,1307,sc
3417,20,I,100,0,1668,cs
3418,20,I,80,0,857,cs
3419,20,I,60,0,750,sc
3420,20,I,110,1,778,sc
3421,20,I,150,1,638,sc
3422,20,I,140,1,777,cs
3423,20,I,70,0,838,sc
3424,20,I,140,1,869,sc
3425,20,O,120,0,1527,cs
3426,20,I,90,0,2005,sc
3427,20,I,90,0,760,sc
3428,20,O,140,1,797,cs
3429,20,O,130,1,1400,sc
3430,20,O,60,0,667,sc
3431,20,I,80,0,769,cs
3432,20,O,90,0,590,sc
3433,20,I,130,1,947,sc
3434,20,O,110,0,1028,cs
3435,20,O,110,0,758,sc
3436,20,I,120,1,665,sc
3437,20,I,90,0,679,cs
3438,20,I,80,0,808,sc
3439,20,O,70,0,588,cs
3440,20,I,80,0,1278,cs
3441,20,I,140,1,717,cs
3442,20,I,100,0,1391,sc
3443,20,O,90,0,915,cs
3444,20,I,140,1,586,cs
3445,20,O,70,0,598,cs
3446,20,O,150,1,918,sc
3447,20,O,50,0,629,sc
3448,20,I,150,1,738,sc
3449,20,O,100,0,649,sc
3450,20,O,140,1,1197,sc
3451,20,O,150,1,641,cs
3452,20,O,80,0,858,sc
3453,20,O,90,0,699,cs
3454,20,O,150,0,566,sc
3455,20,O,70,0,820,cs
3456,20,I,130,1,807,cs
3457,20,O,140,1,1119,sc
3458,20,I,100,1,2137,sc
3459,20,I,130,1,679,sc
3460,20,O,70,0,726,cs
3461,20,I,80,0,760,sc
3462,20,I,140,1,948,sc
3463,20,I,70,0,948,sc
3464,20,O,150,1,1197,sc
3465,20,O,50,0,609,sc
3466,20,I,100,0,1588,sc
3467,20,I,150,1,708,cs
3468,20,O,130,0,1639,cs
3469,20,I,50,0,678,cs
3470,20,O,60,0,747,cs
3471,20,I,110,1,1111,sc
3472,20,I,90,0,1048,cs
3473,20,O,80,0,1248,sc
3474,20,O,120,0,957,cs
3475,20,I,60,0,693,cs
3476,20,I,100,0,704,cs
3477,20,I,110,1,965,cs
3478,20,O,90,0,1040,sc
3479,20,I,80,0,938,sc
3480,20,O,70,0,892,sc
3481,20,O,100,0,756,cs
3482,20,I,90,0,1220,sc
3483,20,O,100,0,1597,sc
3484,20,I,130,1,858,cs
3485,20,I,90,1,1777,sc
3486,20,I,80,0,1028,cs
3487,20,I,60,0,757,cs
3488,20,I,60,0,628,cs
3489,20,I,50,0,517,cs
3490,20,O,110,1,798,cs
3491,20,O,120,1,796,sc
3492,20,I,100,0,799,sc
3493,20,O,80,0,747,sc
3494,20,I,110,0,779,cs
3495,20,O,70,0,758,sc
3496,20,O,140,1,699,sc
3497,20,I,150,1,621,cs
3498,20,O,90,0,1117,sc
3499,20,O,100,0,686,sc
3500,20,I,60,0,689,sc
3501,20,I,130,1,817,sc
3502,20,I,150,1,779,cs
3503,20,O,60,0,768,sc
3504,20,I,120,1,1131,cs
3505,20,I,70,0,609,cs
3506,20,I,140,0,707,sc
3507,20,I,70,0,798,cs
3508,20,O,50,0,598,cs
3509,20,I,120,0,710,sc
3510,20,I,120,0,1629,sc
3511,20,O,100,0,1017,cs
3512,20,O,110,0,1564,sc
3513,20,I,70,0,710,cs
3514,20,O,60,0,668,cs
3515,20,O,100,0,1079,sc
3516,20,I,50,0,868,sc
3517,20,I,120,1,1056,sc
3518,20,I,100,0,1080,cs
3519,20,O,50,0,989,sc
3520,20,O,70,0,996,sc
3521,21,I,140,1,1358,cs
3522,21,O,60,0,1682,sc
3523,21,I,100,1,1757,sc
3524,21,O,70,0,1076,sc
3525,21,O,110,1,1732,sc
3526,21,O,140,1,819,sc
3527,21,O,150,1,872,cs
3528,21,O,130,1,2102,sc
3529,21,I,140,1,764,sc
3530,21,O,150,1,721,cs
3531,21,O,80,0,1016,sc
3532,21,O,70,0,1379,cs
3533,21,O,100,0,1135,sc
3534,21,I,150,1,651,sc
3535,21,I,60,0,2380,cs
3536,21,I,50,0,1446,sc
3537,21,I,90,1,2374,sc
3538,21,O,80,0,929,sc
3539,21,O,130,1,877,cs
3540,21,I,130,1,928,cs
3541,21,O,120,0,714,cs
3542,21,I,50,0,887,sc
3543,21,I,120,1,717,sc
3544,21,I,150,1,685,sc
3545,21,O,90,0,699,sc
3546,21,O,120,1,771,sc
3547,21,I,130,1,752,cs
3548,21,I,60,0,899,sc
3549,21,I,80,0,2004,sc
3550,21,O,140,1,1193,cs
3551,21,I,90,0,967,cs
3552,21,O,60,0,772,cs
3553,21,O,130,1,1594,sc
3554,21,I,110,1,800,cs
3555,21,I,120,1,891,sc
3556,21,I,120,1,1016,cs
3557,21,I,60,0,1304,sc
3558,21,I,100,1,3518,cs
3559,21,I,140,1,727,cs
3560,21,I,100,1,2168,sc
3561,21,O,100,0,770,sc
3562,21,O,70,0,725,sc
3563,21,O,140,1,581,cs
3564,21,I,130,1,772,sc
3565,21,O,70,0,756,sc
3566,21,O,50,0,660,cs
3567,21,I,50,0,1439,sc
3568,21,I,80,0,1286,cs
3569,21,I,100,1,1829,sc
3570,21,O,90,0,757,sc
3571,21,I,90,0,1840,cs
3572,21,O,60,0,697,sc
3573,21,I,140,1,1235,cs
3574,21,O,120,0,1346,cs
3575,21,O,80,0,1255,cs
3576,21,O,100,0,6161,cs
3577,21,I,120,1,747,sc
3578,21,O,110,0,5654,cs
3579,21,O,110,0,578,cs
3580,21,I,70,0,795,cs
3581,21,O,110,0,2261,cs
3582,21,I,80,0,5387,cs
3583,21,O,70,0,608,sc
3584,21,O,80,0,635,sc
3585,21,I,100,0,1506,cs
3586,21,I,80,0,1081,sc
3587,21,I,110,1,675,sc
3588,21,I,50,0,674,cs
3589,21,I,80,0,1354,sc
3590,21,O,50,0,670,sc
3591,21,O,50,0,620,cs
3592,21,I,100,0,901,cs
3593,21,O,50,0,1046,sc
3594,21,I,140,1,873,sc
3595,21,O,60,0,610,sc
3596,21,I,100,0,1356,cs
3597,21,O,150,1,1023,cs
3598,21,O,110,1,1237,sc
3599,21,I,60,0,808,cs
3600,21,O,80,0,611,cs
3601,21,I,130,1,686,sc
3602,21,I,90,0,897,sc
3603,21,I,70,0,781,sc
3604,21,I,140,1,566,sc
3605,21,O,120,1,1500,sc
3606,21,I,60,0,713,sc
3607,21,I,140,1,657,sc
3608,21,O,90,0,1029,cs
3609,21,O,110,0,878,cs
3610,21,O,100,0,736,cs
3611,21,I,150,1,684,cs
3612,21,I,90,0,683,cs
3613,21,I,80,0,644,cs
3614,21,I,120,1,798,cs
3615,21,I,130,1,671,cs
3616,21,O,130,1,875,sc
3617,21,O,150,1,671,cs
3618,21,O,90,0,925,sc
3619,21,I,80,0,1035,sc
3620,21,O,60,0,646,cs
3621,21,O,80,0,819,cs
3622,21,I,60,0,645,sc
3623,21,I,150,1,953,cs
3624,21,I,130,1,693,sc
3625,21,O,100,0,1558,sc
3626,21,I,110,1,1254,cs
3627,21,O,130,0,1451,cs
3628,21,O,130,1,1914,cs
3629,21,I,70,0,2327,cs
3630,21,I,150,1,765,cs
3631,21,I,110,0,1114,cs
3632,21,O,120,0,1672,sc
3633,21,I,60,0,1425,cs
3634,21,O,130,1,1407,cs
3635,21,I,100,1,914,sc
3636,21,O,140,1,939,sc
3637,21,O,80,0,1644,cs
3638,21,I,130,1,793,cs
3639,21,I,140,1,1522,cs
3640,21,O,130,1,919,sc
3641,21,I,110,1,2238,sc
3642,21,I,70,0,715,cs
3643,21,I,120,1,788,cs
3644,21,I,60,0,1003,cs
3645,21,I,90,1,1022,cs
3646,21,I,110,1,2302,cs
3647,21,O,140,1,740,cs
3648,21,I,90,1,4073,sc
3649,21,O,90,0,652,cs
3650,21,O,90,0,810,cs
3651,21,I,120,1,801,sc
3652,21,I,120,1,978,cs
3653,21,O,60,0,2696,cs
3654,21,O,120,1,2785,sc
3655,21,O,110,0,1162,sc
3656,21,O,140,1,1012,cs
3657,21,O,50,0,977,cs
3658,21,O,70,0,1979,cs
3659,21,I,50,0,814,cs
3660,21,O,50,0,633,cs
3661,21,I,50,0,902,cs
3662,21,O,60,0,719,sc
3663,21,O,80,0,1241,sc
3664,21,I,70,0,1000,cs
3665,21,O,70,0,1431,cs
3666,21,I,50,0,705,cs
3667,21,I,150,1,913,cs
3668,21,O,140,1,1595,sc
3669,21,I,70,0,1280,sc
3670,21,O,150,1,744,sc
3671,21,I,70,0,1038,sc
3672,21,I,130,1,663,sc
3673,21,O,60,0,760,cs
3674,21,O,150,1,748,sc
3675,21,O,120,1,883,cs
3676,21,O,110,1,2865,sc
3677,21,O,50,0,617,sc
3678,21,O,100,0,1115,cs
3679,21,O,50,0,621,sc
3680,21,O,90,0,1141,sc
3681,21,I,90,0,1933,sc
3682,21,I,150,1,846,sc
3683,21,I,70,0,805,sc
3684,21,O,100,1,1823,sc
3685,21,I,110,1,1511,sc
3686,21,O,150,1,1860,sc
3687,21,O,140,1,4785,sc
3688,21,O,120,1,3247,cs
3689,21,O,70,0,698,cs
3690,21,I,80,0,1207,cs
3691,21,I,50,0,727,sc
3692,21,I,110,1,5384,sc
3693,21,O,100,0,5850,cs
3694,21,O,150,1,723,sc
3695,21,O,90,0,883,cs
3696,21,I,150,1,810,sc
3697,22,O,70,0,2055,cs
3698,22,I,70,0,2267,cs
3699,22,I,140,1,989,cs
3700,22,O,140,1,1245,cs
3701,22,I,150,1,986,cs
3702,22,I,110,1,932,sc
3703,22,I,90,1,3842,sc
3704,22,I,130,1,785,cs
3705,22,I,130,1,817,sc
3706,22,I,150,1,591,sc
3707,22,O,110,0,950,sc
3708,22,O,140,1,1084,cs
3709,22,O,60,0,610,cs
3710,22,O,60,0,626,cs
3711,22,I,90,1,1103,cs
3712,22,I,100,1,1225,sc
3713,22,O,70,0,749,sc
3714,22,I,150,1,681,cs
3715,22,O,100,0,917,cs
3716,22,O,150,1,1766,sc
3717,22,O,80,0,992,sc
3718,22,O,140,1,967,sc
3719,22,I,90,1,1756,cs
3720,22,O,90,0,1810,cs
3721,22,I,50,0,823,sc
3722,22,O,50,0,613,cs
3723,22,O,140,1,935,sc
3724,22,O,70,0,758,sc
3725,22,I,60,0,1419,cs
3726,22,I,130,1,947,cs
3727,22,O,150,1,769,cs
3728,22,I,70,0,1168,sc
3729,22,I,120,1,951,cs
3730,22,O,50,0,1176,sc
3731,22,I,120,1,614,sc
3732,22,O,120,1,882,sc
3733,22,I,60,0,631,sc
3734,22,O,140,1,811,sc
3735,22,O,110,1,1288,cs
3736,22,I,60,0,795,cs
3737,22,O,140,1,716,cs
3738,22,O,90,0,1296,sc
3739,22,I,110,1,770,sc
3740,22,O,50,0,698,sc
3741,22,I,90,0,848,cs
3742,22,I,70,0,863,sc
3743,22,O,120,1,707,cs
3744,22,O,90,0,877,cs
3745,22,I,130,1,655,cs
3746,22,O,150,1,657,sc
3747,22,O,70,0,584,sc
3748,22,I,100,1,745,sc
3749,22,I,70,0,899,cs
3750,22,I,50,0,1076,cs
3751,22,O,140,1,569,cs
3752,22,I,90,1,707,sc
3753,22,I,130,1,568,sc
3754,22,O,130,1,799,cs
3755,22,I,120,1,682,sc
3756,22,O,60,0,680,sc
3757,22,I,80,0,843,cs
3758,22,O,130,1,687,cs
3759,22,O,80,0,627,sc
3760,22,I,140,1,688,sc
3761,22,O,100,0,589,sc
3762,22,O,150,1,722,cs
3763,22,I,150,1,644,sc
3764,22,O,120,1,1822,sc
3765,22,I,80,0,583,sc
3766,22,I,50,0,647,cs
3767,22,O,110,0,860,cs
3768,22,O,70,0,563,sc
3769,22,O,60,0,737,sc
3770,22,O,50,0,544,cs
3771,22,O,140,1,874,sc
3772,22,O,150,1,759,sc
3773,22,I,50,0,556,sc
3774,22,O,100,0,843,sc
3775,22,I,80,0,1041,sc
3776,22,I,140,1,592,cs
3777,22,O,120,0,989,sc
3778,22,I,130,1,634,sc
3779,22,I,70,0,1209,sc
3780,22,I,110,1,1176,cs
3781,22,I,110,1,779,cs
3782,22,O,100,0,699,cs
3783,22,O,80,0,638,sc
3784,22,O,50,0,584,cs
3785,22,I,60,0,669,cs
3786,22,O,60,0,559,sc
3787,22,I,80,0,1163,sc
3788,22,I,60,0,623,sc
3789,22,O,50,0,595,cs
3790,22,I,110,1,578,cs
3791,22,O,80,0,688,cs
3792,22,O,90,0,562,cs
3793,22,I,100,1,537,cs
3794,22,I,50,0,762,cs
3795,22,O,110,0,519,sc
3796,22,O,130,1,798,sc
3797,22,O,150,1,675,sc
3798,22,O,100,1,836,cs
3799,22,I,120,1,679,cs
3800,22,I,120,1,726,cs
3801,22,O,80,0,632,cs
3802,22,I,130,1,592,cs
3803,22,I,70,0,1092,cs
3804,22,O,90,0,630,sc
3805,22,I,90,1,1374,cs
3806,22,I,80,0,701,cs
3807,22,I,60,0,668,sc
3808,22,I,110,1,884,cs
3809,22,O,150,1,719,cs
3810,22,I,120,1,801,sc
3811,22,O,120,0,840,cs
3812,22,O,120,1,968,cs
3813,22,O,150,1,652,cs
3814,22,I,140,1,722,cs
3815,22,I,100,1,1169,sc
3816,22,O,110,1,1170,sc
3817,22,I,100,1,949,cs
3818,22,O,100,0,827,cs
3819,22,I,140,1,697,sc
3820,22,I,110,1,901,sc
3821,22,I,120,1,616,cs
3822,22,I,80,0,1258,sc
3823,22,I,150,1,538,cs
3824,22,I,100,1,772,sc
3825,22,I,100,1,607,cs
3826,22,O,110,0,645,cs
3827,22,O,50,0,597,sc
3828,22,I,50,0,820,sc
3829,22,I,100,1,1328,cs
3830,22,I,150,1,587,cs
3831,22,O,120,1,1813,cs
3832,22,O,60,0,600,cs
3833,22,I,130,1,738,sc
3834,22,I,70,0,1022,cs
3835,22,O,110,0,516,sc
3836,22,I,80,0,1020,cs
3837,22,O,130,1,1070,cs
3838,22,O,70,0,624,cs
3839,22,I,150,1,671,sc
3840,22,O,80,0,823,cs
3841,22,I,140,1,519,cs
3842,22,O,80,0,563,cs
3843,22,O,80,0,457,sc
3844,22,I,50,0,726,cs
3845,22,O,130,0,501,sc
3846,22,I,50,0,642,sc
3847,22,O,100,0,611,sc
3848,22,O,130,1,858,cs
3849,22,O,70,0,701,cs
3850,22,I,140,1,818,sc
3851,22,O,100,0,595,sc
3852,22,O,60,0,602,cs
3853,22,I,60,0,751,sc
3854,22,O,50,0,480,sc
3855,22,O,90,0,508,cs
3856,22,I,90,0,587,sc
3857,22,O,90,0,576,sc
3858,22,O,60,0,552,sc
3859,22,O,120,0,743,sc
3860,22,I,140,1,594,sc
3861,22,I,120,1,728,sc
3862,22,O,130,1,714,sc
3863,22,I,60,0,873,cs
3864,22,I,110,1,838,sc
3865,22,I,70,0,724,sc
3866,22,O,110,1,766,cs
3867,22,I,90,1,956,sc
3868,22,O,70,1,519,cs
3869,22,I,150,1,717,sc
3870,22,O,90,0,513,sc
3871,22,O,130,1,758,sc
3872,22,I,80,1,940,cs
3873,23,I,130,1,4179,sc
3874,23,O,150,1,4093,cs
3875,23,I,150,1,2216,sc
3876,23,O,140,1,3338,cs
3877,23,O,100,0,1909,sc
3878,23,O,60,0,955,sc
3879,23,I,100,1,2546,sc
3880,23,I,100,1,9939,sc
3881,23,O,130,1,3366,sc
3882,23,O,50,0,956,sc
3883,23,I,100,1,2075,cs
3884,23,I,150,1,668,cs
3885,23,I,80,0,1844,cs
3886,23,O,130,1,1746,cs
3887,23,O,150,1,1259,sc
3888,23,I,110,1,1012,cs
3889,23,O,90,0,1071,cs
3890,23,O,50,0,642,cs
3891,23,O,70,0,866,cs
3892,23,I,50,0,1006,sc
3893,23,I,70,0,1758,sc
3894,23,O,60,0,581,sc
3895,23,I,80,0,5893,sc
3896,23,O,80,0,573,sc
3897,23,O,140,1,1172,sc
3898,23,I,80,0,5907,cs
3899,23,O,100,0,1644,cs
3900,23,O,100,0,1126,sc
3901,23,O,70,0,700,cs
3902,23,O,60,0,610,cs
3903,23,I,90,0,1309,sc
3904,23,I,130,1,802,sc
3905,23,I,100,1,982,cs
3906,23,I,80,0,1551,sc
3907,23,I,140,1,693,sc
3908,23,O,50,0,664,cs
3909,23,O,110,0,1550,sc
3910,23,I,120,1,775,sc
3911,23,O,130,0,1195,sc
3912,23,O,110,1,2383,cs
3913,23,I,110,1,2258,sc
3914,23,I,140,1,877,cs
3915,23,I,90,1,1805,sc
3916,23,I,150,1,3675,sc
3917,23,O,140,1,1145,sc
3918,23,O,50,0,574,cs
3919,23,O,60,0,574,cs
3920,23,O,130,0,1410,sc
3921,23,I,130,1,556,cs
3922,23,I,50,0,2731,cs
3923,23,I,130,1,634,cs
3924,23,O,90,0,1079,sc
3925,23,I,150,1,646,cs
3926,23,O,100,0,1157,sc
3927,23,I,140,1,654,cs
3928,23,O,140,1,1046,cs
3929,23,O,80,0,705,cs
3930,23,O,70,0,659,sc
3931,23,I,80,0,698,cs
3932,23,I,100,1,17406,sc
3933,23,I,60,0,546,cs
3934,23,I,90,0,44418,sc
3935,23,I,90,0,2867,cs
3936,23,O,70,0,596,cs
3937,23,O,130,1,1395,cs
3938,23,O,150,1,1349,cs
3939,23,I,130,1,859,sc
3940,23,I,100,1,1061,cs
3941,23,O,140,1,1091,sc
3942,23,I,100,1,1333,cs
3943,23,O,150,1,679,sc
3944,23,O,90,0,974,cs
3945,23,O,60,0,755,sc
3946,23,O,150,1,1131,cs
3947,23,I,90,1,951,cs
3948,23,I,130,1,571,cs
3949,23,O,110,0,2631,sc
3950,23,O,60,0,1142,sc
3951,23,O,50,0,540,sc
3952,23,O,100,0,788,cs
3953,23,I,130,1,1147,sc
3954,23,O,70,0,546,sc
3955,23,I,140,1,558,sc
3956,23,O,110,1,4134,cs
3957,23,O,90,0,1133,sc
3958,23,I,120,1,638,cs
3959,23,I,60,0,1124,cs
3960,23,O,120,1,12742,sc
3961,23,O,110,0,1778,cs
3962,23,O,110,0,879,sc
3963,23,I,80,0,1014,sc
3964,23,O,80,0,532,sc
3965,23,I,120,1,787,sc
3966,23,O,50,0,481,sc
3967,23,I,80,0,1668,sc
3968,23,O,80,0,3338,cs
3969,23,O,120,1,709,cs
3970,23,O,90,0,472,sc
3971,23,O,80,0,589,cs
3972,23,I,50,0,842,sc
3973,23,O,140,1,1501,cs
3974,23,I,110,1,547,cs
3975,23,O,50,0,454,sc
3976,23,O,100,0,590,cs
3977,23,I,60,0,907,sc
3978,23,I,110,1,886,cs
3979,23,O,80,0,628,sc
3980,23,O,130,1,2605,sc
3981,23,O,150,1,475,sc
3982,23,O,90,0,756,cs
3983,23,I,110,1,646,sc
3984,23,I,50,0,559,cs
3985,23,I,130,1,590,cs
3986,23,I,50,0,539,cs
3987,23,I,90,1,1620,cs
3988,23,I,150,1,519,sc
3989,23,I,70,0,22703,cs
3990,23,O,90,0,676,cs
3991,23,O,130,1,661,cs
3992,23,O,120,1,36503,cs
3993,23,O,70,0,543,cs
3994,23,I,70,0,601,sc
3995,23,O,70,0,542,sc
3996,23,O,60,0,723,cs
3997,23,O,120,1,747,cs
3998,23,O,80,0,762,cs
3999,23,O,90,0,939,sc
4000,23,O,120,0,490,sc
4001,23,O,70,0,630,sc
4002,23,I,90,0,1851,sc
4003,23,O,140,1,1445,cs
4004,23,I,60,0,618,sc
4005,23,I,120,1,747,cs
4006,23,O,100,0,583,cs
4007,23,I,90,1,717,cs
4008,23,I,120,1,636,cs
4009,23,O,150,1,699,sc
4010,23,I,70,0,763,cs
4011,23,I,110,1,3787,sc
4012,23,I,60,0,4446,sc
4013,23,I,60,0,436,sc
4014,23,O,130,1,638,cs
4015,23,I,140,1,524,sc
4016,23,I,150,1,567,cs
4017,23,I,60,0,523,cs
4018,23,I,50,0,460,sc
4019,23,O,80,0,565,sc
4020,23,O,150,1,707,cs
4021,23,I,120,1,459,sc
4022,23,I,120,1,622,sc
4023,23,O,120,0,605,sc
4024,23,I,140,1,535,cs
4025,23,I,150,1,541,sc
4026,23,O,140,1,686,sc
4027,23,O,50,0,693,cs
4028,23,I,50,0,537,cs
4029,23,I,110,0,891,sc
4030,23,I,140,1,490,sc
4031,23,I,70,1,1118,cs
4032,23,I,70,0,684,sc
4033,23,I,60,0,651,cs
4034,23,I,140,1,726,cs
4035,23,O,100,0,1165,sc
4036,23,O,120,1,555,sc
4037,23,I,50,0,644,sc
4038,23,I,70,0,731,cs
4039,23,I,70,0,564,sc
4040,23,O,60,0,582,cs
4041,23,O,110,0,9271,cs
4042,23,O,110,0,917,sc
4043,23,I,150,1,557,cs
4044,23,I,110,1,2022,cs
4045,23,I,100,1,1229,sc
4046,23,O,120,1,4995,cs
4047,23,I,120,1,1234,cs
4048,23,I,80,1,1295,cs
4049,24,O,110,1,16067,cs
4050,24,I,130,1,1326,sc
4051,24,O,110,0,1725,sc
4052,24,O,60,0,531,sc
4053,24,I,80,0,2793,sc
4054,24,O,100,0,1296,cs
4055,24,I,90,1,1323,cs
4056,24,I,70,0,1192,cs
4057,24,I,150,1,779,cs
4058,24,O,100,0,888,cs
4059,24,O,110,0,1782,sc
4060,24,I,130,1,708,sc
4061,24,I,60,0,865,cs
4062,24,I,90,1,802,cs
4063,24,I,50,0,866,sc
4064,24,O,120,1,6767,sc
4065,24,O,70,0,841,cs
4066,24,O,120,1,912,cs
4067,24,I,110,1,1096,cs
4068,24,I,60,0,603,cs
4069,24,I,80,0,1831,sc
4070,24,I,80,0,2023,cs
4071,24,I,100,1,1282,sc
4072,24,I,80,0,545,cs
4073,24,O,80,0,827,cs
4074,24,O,140,1,1101,cs
4075,24,O,110,0,1642,cs
4076,24,O,110,0,1933,sc
4077,24,I,90,0,1260,sc
4078,24,O,70,0,555,sc
4079,24,I,150,1,750,cs
4080,24,O,60,0,725,sc
4081,24,O,100,0,1173,sc
4082,24,I,60,0,876,cs
4083,24,I,100,1,1028,sc
4084,24,O,50,0,664,sc
4085,24,I,90,1,1559,sc
4086,24,O,50,0,550,cs
4087,24,O,80,0,652,sc
4088,24,O,100,0,616,sc
4089,24,O,110,0,459,cs
4090,24,O,140,1,1377,sc
4091,24,I,100,1,1031,cs
4092,24,I,150,1,606,sc
4093,24,I,150,1,588,cs
4094,24,O,150,1,751,sc
4095,24,I,70,0,724,cs
4096,24,O,50,0,922,cs
4097,24,I,110,1,941,sc
4098,24,I,70,0,1737,cs
4099,24,I,140,1,744,cs
4100,24,I,130,1,920,cs
4101,24,O,130,1,43952,cs
4102,24,O,90,0,895,cs
4103,24,I,140,1,1022,sc
4104,24,O,140,1,1062,sc
4105,24,I,130,1,802,sc
4106,24,O,150,1,772,cs
4107,24,O,90,0,1387,cs
4108,24,I,60,0,1533,sc
4109,24,O,60,0,686,sc
4110,24,O,130,1,1212,cs
4111,24,I,60,0,1860,sc
4112,24,I,80,1,2013,cs
4113,24,I,110,1,986,sc
4114,24,I,120,1,890,cs
4115,24,I,140,1,825,sc
4116,24,O,140,1,1307,sc
4117,24,O,50,0,686,sc
4118,24,O,60,0,703,cs
4119,24,O,80,0,782,sc
4120,24,O,70,0,661,sc
4121,24,I,110,1,863,sc
4122,24,O,70,0,591,cs
4123,24,O,90,0,580,sc
4124,24,I,70,0,1600,sc
4125,24,I,140,1,698,cs
4126,24,O,130,1,1061,cs
4127,24,O,150,1,833,cs
4128,24,O,120,1,627,sc
4129,24,O,90,0,755,sc
4130,24,O,70,0,486,cs
4131,24,O,130,0,2516,sc
4132,24,I,130,1,545,cs
4133,24,I,100,1,710,cs
4134,24,I,140,1,592,cs
4135,24,I,140,1,456,sc
4136,24,I,50,0,721,cs
4137,24,I,50,0,444,cs
4138,24,O,70,0,411,sc
4139,24,O,120,0,887,sc
4140,24,I,80,1,2422,cs
4141,24,I,150,1,703,sc
4142,24,I,50,0,2012,cs
4143,24,I,90,1,5684,cs
4144,24,I,80,0,1348,sc
4145,24,O,50,0,517,sc
4146,24,O,150,1,664,sc
4147,24,O,100,0,1761,cs
4148,24,O,150,1,597,cs
4149,24,I,120,1,753,cs
4150,24,I,120,1,665,sc
4151,24,O,110,0,2116,cs
4152,24,O,130,1,646,sc
4153,24,O,130,1,695,cs
4154,24,I,110,1,741,cs
4155,24,O,80,0,585,sc
4156,24,I,50,0,539,sc
4157,24,O,120,1,2367,cs
4158,24,O,130,0,804,sc
4159,24,O,90,0,766,sc
4160,24,I,110,1,914,sc
4161,24,I,120,1,797,sc
4162,24,O,60,0,798,cs
4163,24,O,80,0,536,cs
4164,24,O,60,0,473,sc
4165,24,O,50,0,1095,cs
4166,24,O,60,0,669,cs
4167,24,I,90,1,1810,sc
4168,24,I,100,1,739,sc
4169,24,I,80,0,740,sc
4170,24,I,70,0,881,sc
4171,24,I,130,1,796,sc
4172,24,I,100,1,1769,sc
4173,24,O,60,0,741,cs
4174,24,O,90,0,1825,cs
4175,24,I,50,0,903,sc
4176,24,I,150,1,996,sc
4177,24,O,140,1,890,cs
4178,24,I,110,1,1365,cs
4179,24,I,50,0,671,sc
4180,24,I,100,1,773,cs
4181,24,I,100,1,1064,cs
4182,24,O,120,1,1048,cs
4183,24,I,60,1,1110,sc
4184,24,I,70,1,1137,sc
4185,24,O,140,1,1038,cs
4186,24,O,120,1,9830,cs
4187,24,I,150,1,642,sc
4188,24,O,90,0,816,cs
4189,24,I,120,1,751,cs
4190,24,I,90,1,823,sc
4191,24,O,100,0,664,cs
4192,24,O,130,1,913,sc
4193,24,I,130,1,552,cs
4194,24,I,50,0,696,cs
4195,24,O,90,0,685,sc
4196,24,I,150,1,671,cs
4197,24,O,80,0,494,cs
4198,24,I,70,0,804,sc
4199,24,O,140,1,581,sc
4200,24,O,70,0,513,sc
4201,24,I,120,1,1625,sc
4202,24,O,100,0,1779,sc
4203,24,O,110,1,3732,sc
4204,24,O,100,0,1160,sc
4205,24,O,50,0,500,sc
4206,24,O,150,1,583,sc
4207,24,I,120,1,484,cs
4208,24,I,130,1,656,cs
4209,24,I,140,1,541,cs
4210,24,I,120,1,554,sc
4211,24,O,50,0,985,cs
4212,24,O,80,0,448,cs
4213,24,O,150,1,2365,sc
4214,24,O,120,0,1853,sc
4215,24,O,150,1,725,cs
4216,24,O,70,0,1018,cs
4217,24,I,140,1,755,sc
4218,24,O,80,0,8563,sc
4219,24,O,140,1,815,cs
4220,24,I,60,0,1194,cs
4221,24,I,110,1,1347,cs
4222,24,I,70,0,585,cs
4223,24,I,60,0,1326,sc
4224,24,I,90,1,1172,cs
4225,25,O,130,1,1380,sc
4226,25,O,80,0,1015,sc
4227,25,O,60,0,1071,cs
4228,25,I,120,1,845,sc
4229,25,I,90,1,1999,cs
4230,25,I,60,0,830,sc
4231,25,O,130,1,918,sc
4232,25,O,110,1,1134,cs
4233,25,O,90,0,1046,sc
4234,25,O,150,1,622,sc
4235,25,I,70,0,675,cs
4236,25,O,130,1,658,cs
4237,25,O,150,1,655,cs
4238,25,O,50,0,661,sc
4239,25,I,60,0,678,sc
4240,25,O,100,0,1005,sc
4241,25,O,110,0,2014,cs
4242,25,O,100,0,741,sc
4243,25,I,80,0,1190,cs
4244,25,O,100,0,590,cs
4245,25,I,100,1,1150,sc
4246,25,O,120,1,3218,cs
4247,25,I,70,0,859,sc
4248,25,O,100,0,711,cs
4249,25,O,120,0,518,sc
4250,25,I,100,1,718,sc
4251,25,I,110,1,767,cs
4252,25,I,90,1,878,sc
4253,25,O,120,1,1885,sc
4254,25,I,90,0,1670,sc
4255,25,I,50,0,766,cs
4256,25,O,90,0,774,sc
4257,25,I,70,0,1118,cs
4258,25,I,90,0,782,sc
4259,25,O,70,0,598,sc
4260,25,O,50,0,570,cs
4261,25,O,50,0,569,cs
4262,25,I,80,0,2986,cs
4263,25,I,150,1,532,cs
4264,25,O,110,1,699,sc
4265,25,O,130,1,597,sc
4266,25,I,50,0,487,sc
4267,25,I,60,0,565,cs
4268,25,O,150,1,479,sc
4269,25,I,130,1,533,cs
4270,25,O,60,0,542,sc
4271,25,O,60,0,423,cs
4272,25,O,130,1,503,cs
4273,25,I,140,1,478,sc
4274,25,O,50,0,511,cs
4275,25,O,140,1,653,sc
4276,25,I,80,1,723,sc
4277,25,O,60,0,489,sc
4278,25,I,140,1,431,sc
4279,25,I,50,0,637,cs
4280,25,O,80,0,519,sc
4281,25,I,70,0,501,sc
4282,25,O,120,1,624,cs
4283,25,O,70,0,454,cs
4284,25,I,150,1,432,cs
4285,25,O,150,1,516,sc
4286,25,O,130,1,375,sc
4287,25,O,140,1,670,cs
4288,25,O,110,0,1013,cs
4289,25,I,150,1,542,sc
4290,25,O,70,0,574,sc
4291,25,O,120,0,408,sc
4292,25,I,90,1,582,cs
4293,25,O,110,0,943,sc
4294,25,O,140,1,582,sc
4295,25,O,80,0,502,sc
4296,25,O,90,0,598,cs
4297,25,I,70,0,894,cs
4298,25,I,50,0,518,sc
4299,25,I,90,1,1022,cs
4300,25,I,130,1,662,cs
4301,25,O,80,0,542,cs
4302,25,I,110,0,870,sc
4303,25,O,140,0,702,cs
4304,25,O,100,0,607,sc
4305,25,I,140,1,598,cs
4306,25,I,130,1,550,sc
4307,25,I,140,1,510,sc
4308,25,I,100,0,726,sc
4309,25,O,110,0,550,sc
4310,25,I,90,1,910,cs
4311,25,I,80,0,686,cs
4312,25,O,90,0,614,cs
4313,25,O,50,0,566,sc
4314,25,I,120,1,943,cs
4315,25,I,150,1,501,sc
4316,25,O,150,1,414,cs
4317,25,I,70,0,734,cs
4318,25,O,140,1,718,cs
4319,25,O,90,0,856,sc
4320,25,I,80,0,764,sc
4321,25,I,110,1,934,cs
4322,25,O,150,1,662,cs
4323,25,I,50,0,630,sc
4324,25,O,110,1,2031,cs
4325,25,I,70,0,749,sc
4326,25,I,60,0,574,sc
4327,25,O,140,1,823,sc
4328,25,I,70,0,573,sc
4329,25,O,90,0,735,cs
4330,25,I,140,1,684,sc
4331,25,I,110,1,775,sc
4332,25,O,130,1,533,cs
4333,25,I,150,1,630,cs
4334,25,O,50,0,541,sc
4335,25,I,60,0,591,cs
4336,25,I,80,0,638,cs
4337,25,I,130,1,557,cs
4338,25,O,70,0,551,sc
4339,25,O,150,1,767,cs
4340,25,O,120,1,534,cs
4341,25,I,140,1,446,cs
4342,25,I,120,1,463,cs
4343,25,I,100,1,742,cs
4344,25,O,90,0,782,sc
4345,25,I,120,1,542,sc
4346,25,I,150,1,438,cs
4347,25,O,80,0,718,cs
4348,25,I,80,0,1118,sc
4349,25,I,90,0,575,sc
4350,25,O,70,0,519,cs
4351,25,I,50,0,518,cs
4352,25,O,130,1,502,cs
4353,25,O,80,0,502,cs
4354,25,I,120,1,471,cs
4355,25,I,120,1,469,sc
4356,25,I,80,0,654,sc
4357,25,O,90,0,494,cs
4358,25,I,60,0,615,cs
4359,25,I,150,1,534,sc
4360,25,I,120,1,519,sc
4361,25,I,130,1,638,sc
4362,25,O,70,0,430,cs
4363,25,O,140,1,605,cs
4364,25,I,50,0,527,sc
4365,25,I,60,0,566,cs
4366,25,O,120,0,478,sc
4367,25,O,60,0,534,sc
4368,25,O,100,1,655,cs
4369,25,I,110,1,661,cs
4370,25,O,150,1,710,sc
4371,25,I,110,0,463,sc
4372,25,I,120,1,551,cs
4373,25,O,60,0,565,cs
4374,25,I,130,1,638,sc
4375,25,O,60,0,510,sc
4376,25,I,140,1,545,cs
4377,25,O,50,0,563,cs
4378,25,I,130,1,599,sc
4379,25,O,140,1,806,sc
4380,25,I,100,1,470,cs
4381,25,I,100,1,431,cs
4382,25,I,140,1,389,cs
4383,25,I,50,0,535,cs
4384,25,I,110,1,709,cs
4385,25,I,100,1,606,cs
4386,25,O,70,0,595,sc
4387,25,I,150,1,553,sc
4388,25,I,110,1,647,sc
4389,25,O,50,0,485,sc
4390,25,O,70,0,471,cs
4391,25,O,110,0,1198,sc
4392,25,O,120,1,790,cs
4393,25,I,130,1,509,cs
4394,25,O,80,0,567,cs
4395,25,O,80,0,494,sc
4396,25,O,60,0,415,cs
4397,25,I,100,1,870,sc
4398,25,O,100,0,813,cs
4399,25,O,100,0,479,sc
4400,25,I,60,0,638,sc
